{
"type": "FeatureCollection",
"name": "corinna_reaches",
"crs": { "type": "name", "properties": { "name": "urn:ogc:def:crs:OGC:1.3:CRS84" } },
"features": [
{ "type": "Feature", "properties": { "creek": "Middleton Creek", "part": 0, "access": "OPEN", "lead": false, "prime": false, "length_m": 125 }, "geometry": { "type": "LineString", "coordinates": [ [ 145.101863979025808, -41.619946828622453 ], [ 145.10185482968464, -41.619971869403031 ], [ 145.101648748971996, -41.620208924957069 ], [ 145.101633580020064, -41.620232155143029 ], [ 145.101503935158291, -41.620487109107252 ], [ 145.101416354807952, -41.620610494666273 ], [ 145.10125547013385, -41.620814521458321 ], [ 145.101153869776851, -41.620922759794063 ], [ 145.101147844139518, -41.620927395653865 ] ] } },
{ "type": "Feature", "properties": { "creek": "Middleton Creek", "part": 0, "access": "OPEN", "lead": false, "prime": false, "length_m": 1547 }, "geometry": { "type": "LineString", "coordinates": [ [ 145.100436296492745, -41.621331004904349 ], [ 145.100323631519984, -41.621381672901016 ], [ 145.100281859859223, -41.621402148025439 ], [ 145.100233448750231, -41.621440256317733 ], [ 145.100012738973163, -41.621630665149432 ], [ 145.099962585132545, -41.621676202474141 ], [ 145.099877971917607, -41.621777290237326 ], [ 145.099830336054737, -41.62184005357566 ], [ 145.099538938746207, -41.622251487258055 ], [ 145.099506837449525, -41.622304780272714 ], [ 145.099485816871919, -41.622344512452536 ], [ 145.099481301040953, -41.622367917808866 ], [ 145.099470938974179, -41.622661021935741 ], [ 145.099464176456678, -41.622683246641039 ], [ 145.099410017028219, -41.622785423376008 ], [ 145.099390867641318, -41.622813738733484 ], [ 145.099029404435612, -41.623197613869728 ], [ 145.09898538249513, -41.623241540462949 ], [ 145.098955617716484, -41.623267951200226 ], [ 145.098924498278393, -41.623288611064133 ], [ 145.098712334174564, -41.623397810213937 ], [ 145.098624496906098, -41.62347936228219 ], [ 145.098588256172604, -41.623518265762058 ], [ 145.098402563623608, -41.623760813998715 ], [ 145.098388434920793, -41.623774315398705 ], [ 145.098347051332297, -41.623806829277719 ], [ 145.0982959776168, -41.623831725527715 ], [ 145.098257703097516, -41.623862579405092 ], [ 145.098252884534361, -41.62387051530979 ], [ 145.098243495342984, -41.62387836660325 ], [ 145.098153089791083, -41.623918634349522 ], [ 145.098132870510682, -41.623931467564724 ], [ 145.098002291400974, -41.624065550369899 ], [ 145.097978436638613, -41.624098362922936 ], [ 145.097901148286525, -41.624219520229424 ], [ 145.097854344263567, -41.624349027472682 ], [ 145.09780665540012, -41.624431846809074 ], [ 145.097790982493365, -41.624470505286922 ], [ 145.097616694056825, -41.624956978985615 ], [ 145.097500546382179, -41.625387195961302 ], [ 145.097344966259811, -41.625760630220277 ], [ 145.097316624412571, -41.62581454347707 ], [ 145.097226541355894, -41.625966993611534 ], [ 145.097212482721744, -41.625986647393276 ], [ 145.097211806290318, -41.625987591505222 ], [ 145.097068780124062, -41.626187557596744 ], [ 145.09697020798788, -41.62634329846464 ], [ 145.096934755076916, -41.626405091765335 ], [ 145.096857958103243, -41.626646504411973 ], [ 145.096843307479332, -41.626701778690354 ], [ 145.096792942534563, -41.627099903580799 ], [ 145.096760300452132, -41.627083673325487 ], [ 145.0967306371831, -41.627074725229619 ], [ 145.096716656702341, -41.627072962603691 ], [ 145.096703436196321, -41.627073094884558 ], [ 145.09669106010665, -41.627075114014552 ], [ 145.096681299012772, -41.627078870254216 ], [ 145.096661519008535, -41.627093845521465 ], [ 145.096639977408046, -41.627120184175858 ], [ 145.096621902406156, -41.627147409167527 ], [ 145.096603587554142, -41.627193391141766 ], [ 145.096596574406732, -41.627202867000669 ], [ 145.096587198690088, -41.627210655441196 ], [ 145.096574099456632, -41.627217671012993 ], [ 145.096557274011388, -41.627223633711239 ], [ 145.096477525173754, -41.627240974550674 ], [ 145.096445819135766, -41.627252076714313 ], [ 145.09641866396305, -41.627268046395145 ], [ 145.096351946086884, -41.627314532560369 ], [ 145.096236577251602, -41.627373965372591 ], [ 145.096211493593898, -41.627389726195048 ], [ 145.096191025480181, -41.627406058437224 ], [ 145.09616896106013, -41.627427695982682 ], [ 145.096147772497545, -41.627452644552356 ], [ 145.096127147178578, -41.627481259351363 ], [ 145.096106061922228, -41.627514910177531 ], [ 145.096086136390937, -41.627551570521845 ], [ 145.096056754294608, -41.627622389247676 ], [ 145.09602167238782, -41.627695599672165 ], [ 145.096000537724137, -41.627733770720525 ], [ 145.095979179379924, -41.627764868488491 ], [ 145.095960985800502, -41.627785498038328 ], [ 145.095937570314305, -41.627806960203031 ], [ 145.095850027693245, -41.627873681349307 ], [ 145.095819410413441, -41.627899608746709 ], [ 145.095770266279175, -41.627952149749937 ], [ 145.095745682983136, -41.627982706881539 ], [ 145.095734256412726, -41.628001413951949 ], [ 145.095727114806181, -41.62801851621154 ], [ 145.095720064827816, -41.628069196485058 ], [ 145.095715311841673, -41.628086294026403 ], [ 145.095703218721326, -41.628108871395639 ], [ 145.095684858953518, -41.628132308232821 ], [ 145.09564988304794, -41.628166386442516 ], [ 145.095575637289699, -41.628232021458757 ], [ 145.095505481560963, -41.628290816205968 ], [ 145.095444777007316, -41.628345831232728 ], [ 145.095396874344829, -41.628391665301869 ], [ 145.095349418144963, -41.62844476523216 ], [ 145.095325708011359, -41.628466844251015 ], [ 145.095310092596748, -41.628477780352455 ], [ 145.095291379791092, -41.628487089500084 ], [ 145.095222436787992, -41.628511192289665 ], [ 145.095200499928723, -41.628520349010664 ], [ 145.095183015120028, -41.62853074054788 ], [ 145.095170065006982, -41.628542901383817 ], [ 145.095159223239762, -41.628558834486007 ], [ 145.09515077907605, -41.628578590211177 ], [ 145.095133165808278, -41.628653693067349 ], [ 145.09512236626199, -41.628684109531349 ], [ 145.095084993651227, -41.628769828030549 ], [ 145.095037002953745, -41.628869591972716 ], [ 145.095017098982055, -41.62892098667924 ], [ 145.095006318300278, -41.628942613644384 ], [ 145.094993881125191, -41.628959349038801 ], [ 145.094979222416356, -41.628972012043619 ], [ 145.094962861400091, -41.628980954504449 ], [ 145.094915649542031, -41.629001670954509 ], [ 145.09489241102392, -41.629018335159209 ], [ 145.094876365316367, -41.629034065364131 ], [ 145.094861999458374, -41.629051470847855 ], [ 145.094849848845797, -41.629069886196369 ], [ 145.094840352754915, -41.629088670168734 ], [ 145.094831629215179, -41.62911667120288 ], [ 145.094830313183309, -41.629142183141219 ], [ 145.094836382201379, -41.629161125555854 ], [ 145.094859273969718, -41.629201486020818 ], [ 145.09486650630609, -41.629219250015893 ], [ 145.094868864383756, -41.629243517038006 ], [ 145.094865434615969, -41.629272344564342 ], [ 145.09485147569481, -41.629321171984472 ], [ 145.094833884884906, -41.629366976487759 ], [ 145.094815614948601, -41.629402376134415 ], [ 145.094755124194052, -41.629508768335697 ], [ 145.094725851692175, -41.629553766964818 ], [ 145.094696651055585, -41.629587804807578 ], [ 145.094667973238444, -41.629613854390968 ], [ 145.094579127161865, -41.629686785245454 ], [ 145.094484500426461, -41.629776281994687 ], [ 145.094425257431823, -41.629838220394952 ], [ 145.094396620038879, -41.629872268159211 ], [ 145.094372431103238, -41.62990484946512 ], [ 145.094331336772228, -41.629983164989554 ], [ 145.09431996769402, -41.629999891385047 ], [ 145.09430754758688, -41.63001359156943 ], [ 145.094286001494766, -41.630031022303655 ], [ 145.09425838818126, -41.630048226084526 ], [ 145.094225357128238, -41.630065169339986 ], [ 145.094170647032485, -41.630090165233113 ], [ 145.094135687296586, -41.630103302727385 ], [ 145.09405338275198, -41.630128164988193 ], [ 145.094019340195956, -41.630141929604001 ], [ 145.093974298667575, -41.630167995749602 ], [ 145.093940602861323, -41.630192403417837 ], [ 145.093921947547784, -41.630210322914841 ], [ 145.093909602899146, -41.63022716809693 ], [ 145.093902732583871, -41.630243572136223 ], [ 145.093889681859395, -41.63028845207846 ], [ 145.09388374758862, -41.630300404435509 ], [ 145.093875656462899, -41.630311393941376 ], [ 145.093850058968883, -41.630334314309984 ], [ 145.093780915641446, -41.630381452248841 ], [ 145.093767110332152, -41.630393670479712 ], [ 145.093756852469937, -41.630405685932828 ], [ 145.093746396080036, -41.630425642524528 ], [ 145.093732906977749, -41.630471929009268 ], [ 145.093723885197278, -41.630492521435059 ], [ 145.093703227539038, -41.63052625126236 ], [ 145.093672527614217, -41.630566686073969 ], [ 145.09364669655821, -41.630597942949514 ], [ 145.093623343954079, -41.630622927221552 ], [ 145.093512639171706, -41.63072830622216 ], [ 145.093471820623535, -41.630776453715711 ], [ 145.093455340131328, -41.630793473323706 ], [ 145.09343742053801, -41.63080760440242 ], [ 145.093416991950136, -41.630818497134783 ], [ 145.093393872907967, -41.630827380924458 ], [ 145.093331717575211, -41.630847542845402 ], [ 145.093301238635917, -41.630861762541983 ], [ 145.093274988066725, -41.6308815739621 ], [ 145.093226583245894, -41.630930100702749 ], [ 145.093203359999222, -41.630949430682151 ], [ 145.093174177328876, -41.630967319754127 ], [ 145.093102461226522, -41.631004362867827 ], [ 145.093073416896658, -41.631023659924637 ], [ 145.093059322329935, -41.631036701884888 ], [ 145.093048573987545, -41.631050690566028 ], [ 145.093023162444808, -41.631099868470955 ], [ 145.09298402733944, -41.631162968523171 ], [ 145.092966313460323, -41.63118437114872 ], [ 145.092947616824404, -41.631199994067217 ], [ 145.092931879238876, -41.631208523287391 ], [ 145.092912256439803, -41.631214862290705 ], [ 145.09284041277661, -41.631226891690844 ], [ 145.09281619778983, -41.631232641845358 ], [ 145.092774374925199, -41.631248042507792 ], [ 145.092743343521988, -41.631262658261406 ], [ 145.092725805712718, -41.631273598588628 ], [ 145.092707444148317, -41.631288064606998 ], [ 145.09265664262233, -41.631333560868242 ], [ 145.092604808033798, -41.631383524803859 ], [ 145.09257458960596, -41.631407638596336 ], [ 145.09254203196511, -41.631426759617433 ], [ 145.092412147253128, -41.631491604397667 ], [ 145.092386669235026, -41.631507627414173 ], [ 145.092373287930599, -41.631520896891338 ], [ 145.092365245313857, -41.631535949012672 ], [ 145.092353781014168, -41.631597390878753 ], [ 145.092340085299355, -41.631639251805147 ], [ 145.092330414037008, -41.631661878287268 ], [ 145.092321577309548, -41.631676583247064 ], [ 145.092309963889534, -41.631690990089297 ], [ 145.092277459249289, -41.631720109935344 ], [ 145.092245663379856, -41.631741909189842 ], [ 145.092203689598193, -41.631766502919035 ], [ 145.092168908627059, -41.631784092307576 ], [ 145.092136572870061, -41.631797317413657 ], [ 145.092116759628141, -41.631803590559137 ], [ 145.092097630902487, -41.631807415680328 ], [ 145.09202808512984, -41.631813574682248 ], [ 145.092003315882465, -41.631817315203008 ], [ 145.091979144913125, -41.631824407487606 ], [ 145.09195032336558, -41.631836538159483 ], [ 145.091920230701874, -41.631852286476686 ], [ 145.091887693722271, -41.631871930407193 ], [ 145.091810369437582, -41.63193133283243 ], [ 145.091788131642744, -41.631943293613453 ], [ 145.091716955427813, -41.631975796658665 ], [ 145.091698353114936, -41.631988241529129 ], [ 145.091685522477718, -41.632001565292803 ], [ 145.091674461521563, -41.632021241406228 ], [ 145.091665995798337, -41.632047760003644 ], [ 145.091649477576908, -41.632118143407595 ], [ 145.091627954841044, -41.632233620178113 ], [ 145.091622313421084, -41.632283225548036 ], [ 145.091627156238786, -41.632347342988531 ], [ 145.091623816302501, -41.632375090824283 ], [ 145.091613732713455, -41.632396656874143 ], [ 145.091581142733247, -41.632442481349074 ], [ 145.091569888639413, -41.632463406169911 ], [ 145.091564827531073, -41.63248358705038 ], [ 145.091560653958283, -41.632530226567049 ], [ 145.09155476909487, -41.632549456696538 ], [ 145.091545533515443, -41.632563398721473 ], [ 145.091516062485852, -41.632593036508929 ], [ 145.091505231498502, -41.632607762741749 ], [ 145.09149224185947, -41.632635854903143 ], [ 145.091484070783707, -41.632668242115244 ], [ 145.091480829662089, -41.632706880883319 ], [ 145.091482361036697, -41.632723793976574 ] ] } },
{ "type": "Feature", "properties": { "creek": "Middleton Creek", "part": 0, "access": "OPEN", "lead": true, "prime": true, "length_m": 175 }, "geometry": { "type": "LineString", "coordinates": [ [ 145.09152017248249, -41.632942851965424 ], [ 145.091510668102615, -41.632994733873517 ], [ 145.091509561378189, -41.633060337788734 ], [ 145.091505478535197, -41.63308679486002 ], [ 145.091497762006895, -41.633105031131159 ], [ 145.091484778656138, -41.633121882942369 ], [ 145.091426922660219, -41.633172430964045 ], [ 145.091349813072867, -41.633252165241252 ], [ 145.091344920847831, -41.633261730178809 ], [ 145.091344197704018, -41.633271607321561 ], [ 145.091358613867726, -41.633314394380093 ], [ 145.091359608302696, -41.633323408751025 ], [ 145.091357980555415, -41.63333095608683 ], [ 145.091353513233514, -41.633337934064976 ], [ 145.091345908994612, -41.63334501275407 ], [ 145.091311595147431, -41.633367067938075 ], [ 145.091300244933791, -41.633376192413046 ], [ 145.091292957800192, -41.633386365630393 ], [ 145.091287851776173, -41.633401132638028 ], [ 145.091285673361597, -41.63342858527102 ], [ 145.091289517252704, -41.633465522230395 ], [ 145.091297021778587, -41.633485830364968 ], [ 145.091321134357401, -41.633533623980433 ], [ 145.091327897773169, -41.633558279467074 ], [ 145.091330543311727, -41.633584569153193 ], [ 145.091330306156436, -41.633606054900824 ], [ 145.091327124323726, -41.633624780481725 ], [ 145.091321032847816, -41.633640387366306 ], [ 145.091311540350205, -41.633654910594629 ], [ 145.091297654192573, -41.633670630268483 ], [ 145.091252583918106, -41.633712609359044 ], [ 145.091196652113553, -41.633770358427263 ], [ 145.091163745028098, -41.633800867145403 ], [ 145.091140267558131, -41.633819418104061 ], [ 145.091122900428729, -41.633830639987941 ], [ 145.091047947696381, -41.633866547451852 ], [ 145.091021495006174, -41.633882184491192 ], [ 145.091009613888247, -41.633891795662237 ], [ 145.090995756476673, -41.633906128826176 ], [ 145.090972453279903, -41.633937085307231 ], [ 145.090961219847287, -41.63395892879614 ], [ 145.090955114896587, -41.633979452296138 ], [ 145.090953204179954, -41.634002721162197 ], [ 145.09095538259453, -41.63403017353896 ], [ 145.090964997263086, -41.634075393260773 ], [ 145.090984361347296, -41.634127863433129 ], [ 145.091005529248633, -41.63417211358103 ], [ 145.091008812591042, -41.634184930655827 ], [ 145.09100866526731, -41.634196024238193 ], [ 145.091004486304598, -41.634207465605066 ], [ 145.090995669340089, -41.634219829476393 ], [ 145.090956901645683, -41.63425772474406 ], [ 145.090907091359554, -41.634314125951185 ] ] } },
{ "type": "Feature", "properties": { "creek": "Middleton Creek", "part": 0, "access": "OPEN", "lead": false, "prime": false, "length_m": 1772 }, "geometry": { "type": "LineString", "coordinates": [ [ 145.090694457698277, -41.634471761196927 ], [ 145.090666039733094, -41.634490550330391 ], [ 145.090559468997697, -41.634557175934724 ], [ 145.090505756930241, -41.634588482573015 ], [ 145.090483430202113, -41.634603801194487 ], [ 145.090469923133554, -41.634615645327756 ], [ 145.09045994734231, -41.634627395463134 ], [ 145.090440356882567, -41.63467325595046 ], [ 145.090433952792921, -41.634682390311475 ], [ 145.090425598460797, -41.634689664229505 ], [ 145.090414363231588, -41.634696088157924 ], [ 145.09039984735486, -41.634701836660192 ], [ 145.090328599274727, -41.634722412292582 ], [ 145.09025705025897, -41.634755610846121 ], [ 145.090235444878033, -41.63476847345985 ], [ 145.090219436899702, -41.634781221933643 ], [ 145.090208552013422, -41.63479410065576 ], [ 145.090201517306411, -41.634808709562833 ], [ 145.090196948474897, -41.634828871581298 ], [ 145.090192994091012, -41.634875370422229 ], [ 145.090183332710097, -41.634940301028784 ], [ 145.090184132210709, -41.63496568578303 ], [ 145.09019014822826, -41.634986366068688 ], [ 145.090206383480336, -41.635012673971339 ], [ 145.090253483947322, -41.635067073636513 ], [ 145.090270727109186, -41.635091758749297 ], [ 145.090284589910652, -41.635121549123141 ], [ 145.090315759654345, -41.635204378791457 ], [ 145.0903433388319, -41.635260011640632 ], [ 145.090370079881296, -41.635306606179384 ], [ 145.090394046034731, -41.635341905212734 ], [ 145.0904478811714, -41.635406476827171 ], [ 145.090490193617939, -41.63546366981037 ], [ 145.090502995509041, -41.63548346303142 ], [ 145.090510080521682, -41.635500053721984 ], [ 145.090512139460287, -41.635512076279916 ], [ 145.09051112705896, -41.635524812521645 ], [ 145.090507041521107, -41.635538741146632 ], [ 145.090499837032496, -41.635553842683869 ], [ 145.090472156345356, -41.63559270530849 ], [ 145.090456104349556, -41.635611010694959 ], [ 145.090439763994482, -41.635626086031166 ], [ 145.090309441802958, -41.635721246407833 ], [ 145.09023064697621, -41.635790801338942 ], [ 145.090168264369595, -41.635837193407014 ], [ 145.090146970704069, -41.635850448565229 ], [ 145.090127428753391, -41.635859688838231 ], [ 145.090107692766566, -41.635865755473212 ], [ 145.090083171454268, -41.635870400785763 ], [ 145.090049949958399, -41.635873297811663 ], [ 145.090017794762844, -41.635872610313534 ], [ 145.089989672104565, -41.635868342319519 ], [ 145.089968984801885, -41.635861054435409 ], [ 145.089957864556936, -41.635853429515166 ], [ 145.089947349776594, -41.635842780003678 ], [ 145.089909264801776, -41.635786378249399 ], [ 145.089898710495561, -41.635774224150978 ], [ 145.089887737574344, -41.635764890543015 ], [ 145.089864751482821, -41.635752124136367 ], [ 145.089809206852237, -41.635729972417437 ], [ 145.08978660793457, -41.635718716623543 ], [ 145.089692370169701, -41.635650221735069 ], [ 145.08967985394284, -41.635645564321727 ], [ 145.089665307523433, -41.635645007070288 ], [ 145.089640811363978, -41.635650012933638 ], [ 145.089611620608821, -41.635661164674566 ], [ 145.089597320327783, -41.635671383185574 ], [ 145.089571605154475, -41.635697750562095 ], [ 145.089559340455878, -41.63570775153805 ], [ 145.089539639503414, -41.635717483957869 ], [ 145.089514195621291, -41.635725752753778 ], [ 145.089474888039433, -41.635733484439577 ], [ 145.089428683192779, -41.635737795411224 ], [ 145.089407479358869, -41.635737461060856 ], [ 145.089352352444763, -41.635732473331693 ], [ 145.089316891448959, -41.635734784243539 ], [ 145.089290567217859, -41.63573908380156 ], [ 145.089265412593249, -41.63574527666848 ], [ 145.089239944456637, -41.635753553517475 ], [ 145.08921767072917, -41.635762991191918 ], [ 145.089189486985447, -41.635780265952697 ], [ 145.089168305609348, -41.635803132680074 ], [ 145.089137018186307, -41.635851121964507 ], [ 145.089114835188724, -41.635900974305578 ], [ 145.089102458200728, -41.635919610597007 ], [ 145.089094038291591, -41.635927062963638 ], [ 145.089083577410094, -41.635932887222552 ], [ 145.08907009459594, -41.635937778928238 ], [ 145.089054055176575, -41.635941429915597 ], [ 145.089028937382921, -41.635944345065695 ], [ 145.088999972104943, -41.635944988923086 ], [ 145.08896721144481, -41.635943246681194 ], [ 145.088936301314192, -41.635939454031863 ], [ 145.088905888850263, -41.635930166773399 ], [ 145.088851187737646, -41.635905091907283 ], [ 145.088828834958434, -41.635896496841447 ], [ 145.088805207469846, -41.635890817598323 ], [ 145.088772408182194, -41.635886723494146 ], [ 145.088729992429393, -41.635885098743039 ], [ 145.088680230254255, -41.635886675825851 ], [ 145.088601659107923, -41.635892934474299 ], [ 145.088546131545257, -41.635899892033557 ], [ 145.088514283573517, -41.635905874070311 ], [ 145.088486230085465, -41.635913053856406 ], [ 145.08846151024548, -41.635921568353929 ], [ 145.088439956068612, -41.635931468587522 ], [ 145.088426749935593, -41.635939570852727 ], [ 145.088413665973491, -41.635950071300954 ], [ 145.088365875600346, -41.635999875225863 ], [ 145.088342114262787, -41.636019024425607 ], [ 145.088312409671232, -41.636036156113157 ], [ 145.088281178842095, -41.636051308558947 ], [ 145.088249506940173, -41.636063921831074 ], [ 145.088218061413613, -41.636073774374601 ], [ 145.088186831482716, -41.63608076682624 ], [ 145.088161952641002, -41.636083702782905 ], [ 145.088074486376655, -41.636081824254056 ], [ 145.088042630320047, -41.636083618188678 ], [ 145.088000425671424, -41.636091481422525 ], [ 145.08790685715141, -41.636117727778334 ], [ 145.08786436863511, -41.636126657834467 ], [ 145.087817492746979, -41.636131291043256 ], [ 145.087713078866528, -41.636135362304891 ], [ 145.087671065559022, -41.636139986113761 ], [ 145.087629669394119, -41.636148520051385 ], [ 145.087548832696626, -41.636169277166417 ], [ 145.087465720566513, -41.636194328431408 ], [ 145.087429646919674, -41.636200699170708 ], [ 145.087401281716268, -41.636200965709165 ], [ 145.087369380743866, -41.636197354348013 ], [ 145.087333908069951, -41.636189910069206 ], [ 145.087291342298556, -41.636177907107751 ], [ 145.087272943903201, -41.63617198954892 ], [ 145.087258761301484, -41.636165628877549 ], [ 145.087198304682829, -41.636130163121152 ], [ 145.087174237019838, -41.636122305263093 ], [ 145.087161839370509, -41.636121765471685 ], [ 145.087150585276675, -41.636123956192151 ], [ 145.087103904322902, -41.636146362229489 ], [ 145.0870931083698, -41.636149694969944 ], [ 145.087082847812667, -41.636150784622949 ], [ 145.08707079870976, -41.636149801048283 ], [ 145.087057269183276, -41.636146531417758 ], [ 145.087006508979812, -41.636126637021604 ], [ 145.086985357248125, -41.636120854405888 ], [ 145.086962505005573, -41.636120230691716 ], [ 145.08693111158135, -41.636125039803169 ], [ 145.08690183728288, -41.636133297804676 ], [ 145.08687712822271, -41.636143505498751 ], [ 145.086861528977778, -41.636154170402349 ], [ 145.086823655107082, -41.636186477294991 ], [ 145.086811168524633, -41.63619380811069 ], [ 145.086797498860932, -41.636198912624529 ], [ 145.086766256353684, -41.636204714703297 ], [ 145.086688514352431, -41.636210553707492 ], [ 145.086624795950939, -41.636223246171397 ], [ 145.086385011347147, -41.636283470384839 ], [ 145.086290448392134, -41.636310833839374 ], [ 145.086252561046678, -41.63632533431042 ], [ 145.086232824161584, -41.636336686677119 ], [ 145.086216794623653, -41.636350542617642 ], [ 145.086201934692184, -41.63636867725841 ], [ 145.086172955939475, -41.636413191734086 ], [ 145.086158435571207, -41.636432026605632 ], [ 145.086153550532686, -41.636436862548983 ], [ 145.086126346850961, -41.636478605526797 ], [ 145.086111730362973, -41.636516487381655 ], [ 145.086100477167435, -41.636547876990484 ], [ 145.086094321911048, -41.636568030408419 ], [ 145.086089134140337, -41.636582246828922 ], [ 145.086068248309971, -41.636590238906379 ], [ 145.086047466684164, -41.63659465724114 ], [ 145.086018191487369, -41.636591188234085 ], [ 145.08598733705233, -41.636587098874053 ], [ 145.085946861660574, -41.636586424811085 ], [ 145.085929841280887, -41.636598057096151 ], [ 145.085915037943323, -41.6366150852377 ], [ 145.085893112762164, -41.636631409100282 ], [ 145.085870738423381, -41.636645032681059 ], [ 145.085846446181478, -41.636652076766715 ], [ 145.085826743432364, -41.636653729696341 ], [ 145.085814819195292, -41.636655053651332 ], [ 145.085785901527885, -41.636652851535537 ], [ 145.085714154882794, -41.636634183230022 ], [ 145.085684691938127, -41.636609861251699 ], [ 145.08566605369262, -41.636595851621507 ], [ 145.085646241349025, -41.636594323566584 ], [ 145.085630980768997, -41.636600031616922 ], [ 145.08562535462039, -41.636612051955574 ], [ 145.085620918739522, -41.63661832731799 ], [ 145.085611882586051, -41.636628309352595 ], [ 145.085604337635999, -41.636641883252089 ], [ 145.085573870374816, -41.636651508110582 ], [ 145.085532811976407, -41.636670485244302 ], [ 145.085506229030557, -41.636683146734327 ], [ 145.085485957647847, -41.636697102635424 ], [ 145.085467124467925, -41.636716450355344 ], [ 145.085456819893267, -41.636742497058016 ], [ 145.085452460369225, -41.63675552913331 ], [ 145.085436232303607, -41.636767174815368 ], [ 145.085425183025649, -41.636775808033512 ], [ 145.085406921174155, -41.636764894152442 ], [ 145.085388452710248, -41.636755678850086 ], [ 145.085371735062836, -41.636756282416876 ], [ 145.085330563476759, -41.636754344826549 ], [ 145.085311225443633, -41.636756256233184 ], [ 145.085283615723398, -41.636765883760084 ], [ 145.085257868210704, -41.636780693632872 ], [ 145.085231154110744, -41.636790480272055 ], [ 145.085168556806821, -41.636826913787807 ], [ 145.085138977081129, -41.636838993836484 ], [ 145.085109301235718, -41.636846992595864 ], [ 145.085014880214544, -41.636868314111972 ], [ 145.084932483143405, -41.63689426743224 ], [ 145.084902047323311, -41.63690036216758 ], [ 145.084878815991715, -41.636899956657558 ], [ 145.084853990150549, -41.636895823006412 ], [ 145.08476810581945, -41.63687698222806 ], [ 145.084653613739846, -41.636854421357157 ], [ 145.084634883866158, -41.636849164493192 ], [ 145.084621206117703, -41.636843190600501 ], [ 145.084609379796973, -41.636835499330331 ], [ 145.084598863219952, -41.636826155805451 ], [ 145.084533730870248, -41.636756871884721 ], [ 145.084455660983849, -41.636680508896127 ], [ 145.084435500992271, -41.636657467250743 ], [ 145.084396261682315, -41.636607366413841 ], [ 145.084361862495143, -41.636570568215937 ], [ 145.084316839831388, -41.636530458760532 ], [ 145.084268611080432, -41.636495231544245 ], [ 145.084225849476326, -41.636471632588304 ], [ 145.084207961324068, -41.636464723430016 ], [ 145.084192403401687, -41.636460627348207 ], [ 145.084178844230735, -41.636458744130685 ], [ 145.084163144374543, -41.636458617240095 ], [ 145.084117214412345, -41.636464957741211 ], [ 145.084100356627744, -41.636465406222214 ], [ 145.084077307654155, -41.636461680741498 ], [ 145.084049510186048, -41.636451687939079 ], [ 145.084008978200416, -41.636431449890999 ], [ 145.083951032373022, -41.636398401918271 ], [ 145.083761667511055, -41.63628403904422 ], [ 145.083740437626005, -41.636269571461526 ], [ 145.083729542858208, -41.636259248309905 ], [ 145.083717636587494, -41.63624331509682 ], [ 145.083643003655368, -41.636119094041419 ], [ 145.083631642661942, -41.636092470369142 ], [ 145.083627453817741, -41.636047484361001 ], [ 145.083622630763017, -41.63601737550799 ], [ 145.083617881370145, -41.635984413260047 ], [ 145.083588290864611, -41.635953891476383 ], [ 145.083565896762906, -41.635937792355932 ], [ 145.083532248567337, -41.635915786391244 ], [ 145.083500327832041, -41.635899519415119 ], [ 145.083458369321733, -41.635900251895734 ], [ 145.083410669678472, -41.635902320431704 ], [ 145.083372316107358, -41.635910254854437 ], [ 145.083318841195165, -41.635920432371528 ], [ 145.083275019578963, -41.635918430974563 ], [ 145.083248245291941, -41.635914021992846 ], [ 145.083228778799764, -41.635908932226926 ], [ 145.08321084393512, -41.63590240099785 ], [ 145.083190556382732, -41.635891794463078 ], [ 145.083175115241289, -41.635879702151939 ], [ 145.08315256842593, -41.635865123028587 ], [ 145.083130344105797, -41.635843307041085 ], [ 145.083092710983692, -41.635826954109319 ], [ 145.08305867022429, -41.635817802454476 ], [ 145.083016978513655, -41.635809964699909 ], [ 145.08298115639505, -41.63579649670411 ], [ 145.082964910363131, -41.635766197731613 ], [ 145.082944666828212, -41.635741551146168 ], [ 145.082913266217417, -41.635708143627859 ], [ 145.082877612982145, -41.635688959423618 ], [ 145.082840446085584, -41.635656887938502 ], [ 145.082841293196907, -41.635628306309499 ], [ 145.082843963888223, -41.635602609620939 ], [ 145.082831310219092, -41.635579521935824 ], [ 145.082824665380969, -41.635544482859864 ], [ 145.082807482406224, -41.635525553063189 ], [ 145.08277411807822, -41.635497607181172 ], [ 145.082740195896491, -41.635476352350508 ], [ 145.082650556607518, -41.635428346673656 ], [ 145.082611269686936, -41.635401382992818 ], [ 145.082587062784938, -41.635380849203315 ], [ 145.082556887476244, -41.635350650743952 ], [ 145.082516318659657, -41.635302922929334 ], [ 145.082462894053066, -41.635277407386639 ], [ 145.082370281340587, -41.635251552781199 ], [ 145.082297887010157, -41.635250344948112 ], [ 145.082263137479998, -41.635265499592812 ], [ 145.082224996809686, -41.635266285791936 ], [ 145.082191464496759, -41.635239994106165 ], [ 145.082167077931757, -41.635226716666509 ], [ 145.082160518433568, -41.635190860314729 ], [ 145.08218413963391, -41.635165521975217 ], [ 145.082182922416678, -41.635142624809006 ], [ 145.082141840662189, -41.635129609192404 ], [ 145.082093761929855, -41.635128266407094 ], [ 145.082057529281116, -41.635129093562867 ], [ 145.082019896158982, -41.635112739778471 ], [ 145.082006948740769, -41.635076497312191 ], [ 145.081985739516909, -41.635043539282833 ], [ 145.081961777855042, -41.635015966486819 ], [ 145.08189468358475, -41.634981395737675 ], [ 145.081835845730268, -41.63495667231313 ], [ 145.081777885529817, -41.634918534411455 ], [ 145.08173296437576, -41.634882784640055 ], [ 145.081664837042922, -41.634791580905983 ], [ 145.08155942513423, -41.634637500671836 ], [ 145.081530854216595, -41.634572679869621 ], [ 145.081514681846528, -41.634539526876992 ], [ 145.081479613414501, -41.634494196699912 ], [ 145.08144488634224, -41.634451141193274 ], [ 145.081428629530507, -41.634420850987937 ], [ 145.081414331046147, -41.634373092943122 ], [ 145.081379828552713, -41.634331383514557 ], [ 145.081329542659716, -41.634291941381413 ], [ 145.081292801564643, -41.634245574385773 ], [ 145.081248991626524, -41.634180499399243 ], [ 145.081212589196269, -41.634122699000429 ], [ 145.081175762761205, -41.634079194748011 ], [ 145.081143418919368, -41.634012878838384 ], [ 145.081116544021029, -41.633955238083587 ], [ 145.081089299915106, -41.633917333909828 ], [ 145.081074473221349, -41.633895911378083 ], [ 145.081048433756223, -41.633874031611924 ], [ 145.080989519544914, -41.633839372296123 ], [ 145.080956786732628, -41.633815309097415 ], [ 145.080929403387813, -41.633774817239718 ], [ 145.080905994189777, -41.633728672779284 ], [ 145.080849362597633, -41.633646225931436 ], [ 145.080809198921315, -41.633586930497721 ], [ 145.080787655524148, -41.633542248903396 ], [ 145.080806210226342, -41.633491023047938 ], [ 145.080822022371962, -41.633475624264221 ], [ 145.080803739859306, -41.633426205792624 ], [ 145.080802343877338, -41.633368062969183 ], [ 145.080771157065669, -41.633327507717866 ], [ 145.080725821788207, -41.63331387940741 ], [ 145.080683611749663, -41.633323181142558 ], [ 145.080634437970986, -41.633329646163226 ], [ 145.080599838459534, -41.633320349800336 ], [ 145.080565143726574, -41.63329851482338 ], [ 145.080541531509311, -41.633274162715601 ], [ 145.080518326228912, -41.633253518808253 ], [ 145.080482483449117, -41.633230277871043 ], [ 145.080448236975514, -41.633207071838918 ], [ 145.080421639656578, -41.633193522729691 ], [ 145.080380857041035, -41.633176161334738 ], [ 145.080335075300894, -41.633167056302433 ], [ 145.080293832747856, -41.63316516963166 ], [ 145.080244588900655, -41.633165544280153 ], [ 145.080186276560596, -41.633150267615925 ], [ 145.080153578782586, -41.633128276813416 ], [ 145.080092240018303, -41.633108184761404 ], [ 145.080056469103681, -41.633082566966401 ], [ 145.080054455979194, -41.63304321001015 ], [ 145.080072528286081, -41.633023256243007 ], [ 145.080087407980386, -41.633003248756538 ], [ 145.080094639418434, -41.632973584972525 ], [ 145.080097543671769, -41.632929545497753 ], [ 145.08011330730838, -41.632879768071277 ], [ 145.080103715996103, -41.632828369135261 ], [ 145.080073202920801, -41.632786158501375 ], [ 145.080034511583222, -41.632752151218327 ], [ 145.080036838219797, -41.632727169785767 ], [ 145.080045276095262, -41.632710630752058 ], [ 145.080044541273367, -41.63268202230271 ], [ 145.080030744947209, -41.632665111291693 ], [ 145.079990489642739, -41.632630006175248 ], [ 145.079954518403838, -41.632611527387489 ], [ 145.079932543815289, -41.632602819755483 ], [ 145.079890601474716, -41.632571144886398 ], [ 145.079864676095582, -41.632534964775871 ], [ 145.079854978782123, -41.632487139534618 ], [ 145.079843227021541, -41.632454771031291 ], [ 145.079825032543823, -41.632425871071753 ], [ 145.079798506191793, -41.632409936239604 ], [ 145.079760904510607, -41.632392627675905 ], [ 145.079724532623061, -41.632387255634967 ], [ 145.079658358227675, -41.632377611339926 ], [ 145.079514075318286, -41.632385107087067 ], [ 145.079368428766344, -41.632438514595798 ], [ 145.079320191032195, -41.63244581428102 ], [ 145.079268385189778, -41.632442326922337 ], [ 145.0791974919442, -41.632433522582872 ], [ 145.079121693897179, -41.632418907766123 ], [ 145.079060908495109, -41.632412172742875 ], [ 145.078992446090723, -41.632407218327451 ], [ 145.078889185647085, -41.632406185681937 ], [ 145.078793165624688, -41.632405480689862 ], [ 145.078744634141486, -41.632422682494237 ], [ 145.078646903726792, -41.632479591428542 ], [ 145.078574346801304, -41.632497292749683 ], [ 145.07847723083421, -41.632533496381015 ], [ 145.078285030889305, -41.632537487970978 ], [ 145.078260894055916, -41.63256558083441 ], [ 145.07822660536155, -41.632597179164492 ], [ 145.078194784339246, -41.632599034295204 ], [ 145.078163034283818, -41.632598503202772 ], [ 145.07809318757549, -41.632597334933699 ], [ 145.078059676822221, -41.632602727771065 ], [ 145.078048034656064, -41.632620410930052 ], [ 145.07804739775051, -41.632641845299851 ], [ 145.078040661284234, -41.632654837247735 ], [ 145.078022813556174, -41.632667643210127 ], [ 145.07798763552961, -41.632675395405286 ], [ 145.077958995441747, -41.632677302904398 ], [ 145.077936984920683, -41.632669783691618 ], [ 145.077889430804447, -41.632666610568776 ], [ 145.077860860785194, -41.632666132518942 ], [ 145.07782713802942, -41.632678673268906 ], [ 145.077778664038362, -41.632706458561415 ], [ 145.077735590718817, -41.632712880001819 ], [ 145.07766871114589, -41.632718912690699 ], [ 145.077598436839565, -41.632751097764384 ], [ 145.077536101843634, -41.632767004984053 ], [ 145.077473132637152, -41.632779984149785 ], [ 145.07740442139945, -41.632794325617965 ], [ 145.077347446650862, -41.632787410022758 ], [ 145.07730794233791, -41.632780795893098 ], [ 145.077265222954537, -41.63277531645776 ], [ 145.077195411280599, -41.632772950383625 ], [ 145.077096816686549, -41.632777262896155 ], [ 145.077029435853746, -41.632789645170057 ], [ 145.077009310896443, -41.632793415847956 ], [ 145.076992534858505, -41.632798448789472 ], [ 145.076974373618384, -41.632807647200785 ], [ 145.076961882544396, -41.632819542691763 ], [ 145.07695568866049, -41.632831634234215 ], [ 145.076943981815703, -41.632867230717501 ], [ 145.07692915602027, -41.632886995193616 ], [ 145.076905767483538, -41.632905653170369 ], [ 145.076843251926249, -41.632945758167402 ], [ 145.076830059267991, -41.632956633753082 ], [ 145.076820649415396, -41.632967067545714 ], [ 145.076813764727035, -41.632979778105167 ], [ 145.076811768670495, -41.632992786098896 ], [ 145.076821895378714, -41.633035782152412 ], [ 145.076822856576086, -41.633049893939983 ], [ 145.076818972260753, -41.633069093700804 ], [ 145.076795360941844, -41.633087963791681 ], [ 145.076750195445982, -41.633111039612423 ], [ 145.076722607285348, -41.633130833555946 ], [ 145.076698305161898, -41.633147107273579 ], [ 145.076672229764171, -41.633169313593243 ], [ 145.076642950974104, -41.633192655264352 ], [ 145.07660270285615, -41.633211039216292 ], [ 145.076527506680321, -41.633235521601932 ], [ 145.076482252276008, -41.633244374500855 ] ] } },
{ "type": "Feature", "properties": { "creek": "Longback Creek", "part": 0, "access": "released", "lead": true, "prime": true, "length_m": 775 }, "geometry": { "type": "LineString", "coordinates": [ [ 145.119912697050722, -41.504606954250178 ], [ 145.119660598340943, -41.504689234275958 ], [ 145.119628270668841, -41.504701297348888 ], [ 145.119544806399176, -41.504743993383556 ], [ 145.119264823982945, -41.504895052286628 ], [ 145.118403937005155, -41.505490955164987 ], [ 145.118367548049605, -41.50551210211227 ], [ 145.118194320523514, -41.505604253450265 ], [ 145.11815462846269, -41.505633930029525 ], [ 145.118066508224899, -41.505705730839807 ], [ 145.117614880215825, -41.506181870272101 ], [ 145.1175848971466, -41.506218000794696 ], [ 145.117572527345033, -41.506250412426851 ], [ 145.117493297733688, -41.506539252572551 ], [ 145.117476535170397, -41.506592181635767 ], [ 145.117443100773897, -41.506641991209698 ], [ 145.117247457586473, -41.506902589222406 ], [ 145.117227549123186, -41.506932589460654 ], [ 145.117118782006884, -41.507242111457167 ], [ 145.117100426730644, -41.507270992800059 ], [ 145.116997931651696, -41.507391771325736 ], [ 145.116849682680368, -41.507515231761964 ], [ 145.116822567033523, -41.507531378392365 ], [ 145.116769254716303, -41.507557976395091 ], [ 145.116730725075485, -41.507573935326064 ], [ 145.116360664992499, -41.507680026496288 ], [ 145.116230160442996, -41.507743116031911 ], [ 145.116181423245507, -41.507769787946614 ], [ 145.116124576057729, -41.507812917878624 ], [ 145.115772190327988, -41.508096119090268 ], [ 145.115486844969581, -41.50837755386862 ], [ 145.115495502033951, -41.508394286215363 ], [ 145.115495107673524, -41.508407438389881 ], [ 145.115462589558547, -41.508530506717648 ], [ 145.115447717050728, -41.508648720547072 ], [ 145.115445989590427, -41.509229516308444 ], [ 145.115457276921973, -41.509312104611638 ], [ 145.115449643038716, -41.509364624423888 ], [ 145.115443094320256, -41.509380540529321 ], [ 145.115397993503109, -41.509438741913058 ], [ 145.115373835110177, -41.509457800855252 ], [ 145.115019322169871, -41.509605339292392 ], [ 145.115003018645723, -41.509615943039108 ], [ 145.114958344528333, -41.509659848707471 ], [ 145.114811403504063, -41.509815950782368 ], [ 145.114802666489624, -41.509828399027739 ], [ 145.114772422908942, -41.509899417550486 ], [ 145.114770470974292, -41.509906000855295 ] ] } },
{ "type": "Feature", "properties": { "creek": "Longback Creek", "part": 0, "access": "released", "lead": false, "prime": false, "length_m": 150 }, "geometry": { "type": "LineString", "coordinates": [ [ 145.114792553419022, -41.510127491760656 ], [ 145.114807253287466, -41.510166654038002 ], [ 145.114822366543791, -41.510196660163373 ], [ 145.115014268248046, -41.510481928212847 ], [ 145.115028665547101, -41.510510202017535 ], [ 145.11506401515183, -41.510603480394089 ], [ 145.115067997383505, -41.510623576950984 ], [ 145.115060422789071, -41.510726455079983 ], [ 145.115055850364229, -41.510752697936887 ], [ 145.115031267966458, -41.510812379341687 ], [ 145.114702624709651, -41.511272211752299 ], [ 145.11467872143831, -41.511308441681706 ], [ 145.114657869153064, -41.511362192986695 ] ] } },
{ "type": "Feature", "properties": { "creek": "Longback Creek", "part": 0, "access": "released", "lead": true, "prime": true, "length_m": 300 }, "geometry": { "type": "LineString", "coordinates": [ [ 145.114579054904709, -41.511579319269686 ], [ 145.114529748424843, -41.511716863295618 ], [ 145.11448427121357, -41.511813967457897 ], [ 145.114467434988512, -41.511842873668293 ], [ 145.114431364036619, -41.511878912911314 ], [ 145.113946306122557, -41.512323585848748 ], [ 145.113878175196419, -41.512388263068338 ], [ 145.113825966908706, -41.512455498383424 ], [ 145.113660267264692, -41.512679959552827 ], [ 145.113586787769378, -41.512823538739035 ], [ 145.113563899594254, -41.512851210158637 ], [ 145.113288457263508, -41.513444086837652 ], [ 145.11314978253651, -41.513707890255027 ], [ 145.113141168591227, -41.513742083365464 ], [ 145.113116716449241, -41.513927087602909 ], [ 145.113111488254276, -41.513949887867462 ], [ 145.113093129320674, -41.513992508270491 ] ] } },
{ "type": "Feature", "properties": { "creek": "Longback Creek", "part": 0, "access": "released", "lead": false, "prime": false, "length_m": 850 }, "geometry": { "type": "LineString", "coordinates": [ [ 145.112961366674483, -41.514192276853045 ], [ 145.112548269723931, -41.514645057998024 ], [ 145.112505484763602, -41.514702143438136 ], [ 145.112491117108988, -41.514724802846821 ], [ 145.112386706821781, -41.514962273806667 ], [ 145.112318971154423, -41.515169453544019 ], [ 145.112308495899867, -41.515189313259192 ], [ 145.112241182440698, -41.515278041885566 ], [ 145.112184926344327, -41.515326907790545 ], [ 145.112164006377981, -41.515339147130753 ], [ 145.111813749655454, -41.515469587170124 ], [ 145.111778257218589, -41.515485594598566 ], [ 145.111761933931547, -41.515496774504953 ], [ 145.111580423938477, -41.515663175354938 ], [ 145.111571657279683, -41.515676181436028 ], [ 145.111561864744715, -41.515698925255748 ], [ 145.111531786454094, -41.515789985206681 ], [ 145.111523049439597, -41.515828751127934 ], [ 145.111492728603849, -41.51600565158445 ], [ 145.111417665378696, -41.516202973953135 ], [ 145.111397209841414, -41.516303920168809 ], [ 145.111397820695743, -41.516334832170713 ], [ 145.111412241351047, -41.516388281911098 ], [ 145.11175315020472, -41.517514312069878 ], [ 145.11181310825836, -41.518015418753215 ], [ 145.111820855329341, -41.518063038934422 ], [ 145.11186092647921, -41.518254822151881 ], [ 145.111859928450968, -41.518496863971635 ], [ 145.11185758833966, -41.518576932306225 ], [ 145.111859315799961, -41.518595847983484 ], [ 145.111883222664574, -41.518715833231447 ], [ 145.111890213354116, -41.518737123159099 ], [ 145.111968383851803, -41.518902060840283 ], [ 145.112122178123428, -41.519136917549552 ], [ 145.112140990642104, -41.519170416360041 ], [ 145.112183958858793, -41.519315321636334 ], [ 145.112186524447225, -41.519331386629638 ], [ 145.112164754674637, -41.519763617863148 ], [ 145.112164849896089, -41.520098375953843 ], [ 145.112162380427321, -41.520130958200227 ], [ 145.112152226769666, -41.520165692714457 ], [ 145.11200924462085, -41.520550160834667 ], [ 145.111920597072015, -41.520769011498473 ], [ 145.111907167258465, -41.520811708370395 ], [ 145.111890225032198, -41.520922448248385 ], [ 145.111883908079164, -41.520981852589642 ], [ 145.111887156387183, -41.521000793122013 ], [ 145.111922583247065, -41.521065458980836 ], [ 145.111939568592447, -41.521083480745439 ], [ 145.112108256931464, -41.521225866297236 ], [ 145.11213415446278, -41.521251474019735 ], [ 145.112138365062322, -41.521257908637068 ] ] } },
{ "type": "Feature", "properties": { "creek": "Longback Creek", "part": 0, "access": "released", "lead": true, "prime": true, "length_m": 250 }, "geometry": { "type": "LineString", "coordinates": [ [ 145.112254777705346, -41.521464711955147 ], [ 145.112313604618947, -41.521546818287597 ], [ 145.112343062173721, -41.521581059717626 ], [ 145.112543984760038, -41.521740581995772 ], [ 145.112564946048849, -41.521752941186115 ], [ 145.112643005155491, -41.521791988033705 ], [ 145.112689996926349, -41.521825381893869 ], [ 145.113066378453937, -41.52213082081262 ], [ 145.113081760306585, -41.522151671774964 ], [ 145.113095802771056, -41.522166214042741 ], [ 145.113175217435469, -41.522236185965795 ], [ 145.113191449094302, -41.522254195298189 ], [ 145.113269945680457, -41.522356189349459 ], [ 145.113299141825536, -41.522399009598814 ], [ 145.113307956095127, -41.522436351776285 ], [ 145.113334256970006, -41.522604445785881 ], [ 145.113297367652848, -41.522746310118364 ], [ 145.11320506126583, -41.5229599497602 ], [ 145.113176263074422, -41.523033306487243 ], [ 145.113150953041355, -41.523221718915984 ], [ 145.11314410338727, -41.523247924424254 ], [ 145.113135990701949, -41.523264390630146 ], [ 145.113054344516001, -41.523383153489753 ] ] } },
{ "type": "Feature", "properties": { "creek": "Longback Creek", "part": 0, "access": "released", "lead": false, "prime": false, "length_m": 3624 }, "geometry": { "type": "LineString", "coordinates": [ [ 145.112941170116045, -41.523590174564269 ], [ 145.112896029129956, -41.523736534418298 ], [ 145.112771439986574, -41.524012584026487 ], [ 145.112766148909543, -41.5240371038077 ], [ 145.112752760418601, -41.524260622256072 ], [ 145.112754304622541, -41.524285821214775 ], [ 145.112817369050447, -41.524576966398755 ], [ 145.112816706992049, -41.524677669543621 ], [ 145.112806300907806, -41.525059171193845 ], [ 145.112839225061293, -41.525469414019071 ], [ 145.112868503851359, -41.52566615269474 ], [ 145.112878873104677, -41.52570237725741 ], [ 145.113077705311383, -41.526220056141746 ], [ 145.113175583049753, -41.52662279029974 ], [ 145.113188808047369, -41.526665924483183 ], [ 145.113267734028284, -41.526830864821534 ], [ 145.113285993184689, -41.526857491210208 ], [ 145.113364615534977, -41.526954911606765 ], [ 145.113459290779417, -41.527102942795118 ], [ 145.113479828063447, -41.527155924986069 ], [ 145.11349941672654, -41.527215186411716 ], [ 145.113503887641713, -41.527244450919618 ], [ 145.113521370653757, -41.527584051401419 ], [ 145.113518328059911, -41.52800056683467 ], [ 145.113521484739778, -41.528048678668299 ], [ 145.113549267834941, -41.528270585387823 ], [ 145.113547826937207, -41.528528057292114 ], [ 145.113544107013638, -41.528550882675454 ], [ 145.113499540694079, -41.528694917578775 ], [ 145.113335790394189, -41.529007513736012 ], [ 145.113367386837695, -41.529099018983253 ], [ 145.113383992195708, -41.529130193871758 ], [ 145.113419912230654, -41.529177700292195 ], [ 145.113494127446188, -41.529244154212194 ], [ 145.113515062683859, -41.529257080227083 ], [ 145.113738355117391, -41.529356297275022 ], [ 145.1138634724702, -41.529427017977049 ], [ 145.113896442437721, -41.529445293632449 ], [ 145.114126137164277, -41.529533752546776 ], [ 145.114212909030869, -41.529587244512697 ], [ 145.114257020802853, -41.529641180278006 ], [ 145.114273237190446, -41.529659757148508 ], [ 145.114279691585665, -41.529673607754113 ], [ 145.11431125389322, -41.529739919941946 ], [ 145.114305637626018, -41.529801623497086 ], [ 145.114305723864305, -41.529825087967637 ], [ 145.114292713564055, -41.529852903428051 ], [ 145.114152187409189, -41.530074904159491 ], [ 145.114136929524079, -41.530102124362799 ], [ 145.114110379815855, -41.530202393897973 ], [ 145.114104785108253, -41.530237780023086 ], [ 145.114111682373078, -41.530340318305917 ], [ 145.114115653824882, -41.530360406044679 ], [ 145.114150394371904, -41.530448530829169 ], [ 145.114164046069277, -41.530476216905065 ], [ 145.114292480900417, -41.530641977369747 ], [ 145.114317684932331, -41.530691594937934 ], [ 145.11432399469885, -41.530710008766853 ], [ 145.114365311812094, -41.530964165067942 ], [ 145.114371454491987, -41.530988304955535 ], [ 145.114418059987258, -41.53111322874669 ], [ 145.114431134067871, -41.531135203209814 ], [ 145.114447289369991, -41.531155490426698 ], [ 145.114475463232168, -41.531181702808794 ], [ 145.114565432202824, -41.531256413318438 ], [ 145.114603485736581, -41.531283364035318 ], [ 145.11466487929809, -41.531319272080552 ], [ 145.114896028397084, -41.531436359593044 ], [ 145.115170120559924, -41.53154327913942 ], [ 145.115200915706168, -41.531558077525069 ], [ 145.115214343723039, -41.531567457814184 ], [ 145.115294202155212, -41.531649441308438 ], [ 145.115307331931376, -41.531669111037303 ], [ 145.115321700484373, -41.531698528870884 ], [ 145.115328676800829, -41.531720385453141 ], [ 145.115332628489796, -41.531820011618365 ], [ 145.115326449877216, -41.531849092477138 ], [ 145.11525819588195, -41.532021354184067 ], [ 145.115244865781477, -41.532060612713799 ], [ 145.115241054229756, -41.532112618460879 ], [ 145.115238483251403, -41.532252767339173 ], [ 145.115243138321148, -41.532275729935776 ], [ 145.115313325490973, -41.532454269276165 ], [ 145.115333158495815, -41.532479201439052 ], [ 145.115428838955012, -41.532566595735538 ], [ 145.115458051269741, -41.532583097900144 ], [ 145.11557697024702, -41.532631387217407 ], [ 145.115613234336791, -41.532641141238173 ], [ 145.11573732850843, -41.532668917157615 ], [ 145.116234233404498, -41.532735424650269 ], [ 145.116284859758906, -41.532748836827203 ], [ 145.116393576569578, -41.532781520296837 ], [ 145.116428837241102, -41.532799832662256 ], [ 145.116604676169743, -41.532907417704209 ], [ 145.116651288851529, -41.532928212069734 ], [ 145.117044333229387, -41.533082272267578 ], [ 145.117061571899711, -41.533091714201483 ], [ 145.117214187581624, -41.533211500422958 ], [ 145.117238449280819, -41.533241656580856 ], [ 145.117309800667215, -41.533301756359549 ], [ 145.117348606989168, -41.533329286550355 ], [ 145.117381728771988, -41.533342420209081 ], [ 145.117641986879534, -41.533427923752136 ], [ 145.117675108662354, -41.533441057390817 ], [ 145.117690059323564, -41.533450452873268 ], [ 145.117798496758184, -41.533544926753947 ], [ 145.117815471323752, -41.53356350653813 ], [ 145.117925522132623, -41.533732969659042 ], [ 145.117951878703053, -41.533769446579946 ], [ 145.117994150725366, -41.533808471382102 ], [ 145.118230378899, -41.534012605129483 ], [ 145.118249574998316, -41.534033517489988 ], [ 145.11826703824741, -41.534061274655535 ], [ 145.118353881979203, -41.534217171285782 ], [ 145.118381977688045, -41.534350391475805 ], [ 145.11839248348528, -41.534382033197531 ], [ 145.11840721944921, -41.534398865067438 ], [ 145.118480799555812, -41.534460721529769 ], [ 145.118511547091316, -41.534477247418998 ], [ 145.118539565545063, -41.534482848844497 ], [ 145.118613274110743, -41.534488631155888 ], [ 145.118638419752187, -41.534487898868782 ], [ 145.118673689406876, -41.534479892125702 ], [ 145.118967867899499, -41.534394872113374 ], [ 145.118996973314665, -41.534389052809331 ], [ 145.119024403371895, -41.534388925045548 ], [ 145.11910115453145, -41.534394765195266 ], [ 145.119183760011737, -41.534408708256336 ], [ 145.119217031813207, -41.534416683403485 ], [ 145.119238781822872, -41.534428486753988 ], [ 145.119340366010135, -41.534496520220891 ], [ 145.119430295454947, -41.534572945656429 ], [ 145.119478305915294, -41.534636959134737 ], [ 145.119483529618691, -41.534647807582644 ], [ 145.119501113242052, -41.534673935839727 ], [ 145.119524626644619, -41.534700160917318 ], [ 145.119576947221702, -41.534742880201023 ], [ 145.119602200660978, -41.534764504436325 ], [ 145.119761308467417, -41.534995231308613 ], [ 145.119773871406693, -41.53500804589509 ], [ 145.119803921849581, -41.53502173262644 ], [ 145.119884641766049, -41.535046596556299 ], [ 145.119949772319131, -41.535058010452538 ], [ 145.120161341738225, -41.53508623922697 ], [ 145.12018326602103, -41.535091199770442 ], [ 145.120220909024681, -41.53510558715999 ], [ 145.120228317430872, -41.535112589209987 ], [ 145.120231622332767, -41.535129260850702 ], [ 145.120227431692001, -41.535142360522272 ], [ 145.120217125320693, -41.535155936273789 ], [ 145.120020520037627, -41.53534108035214 ], [ 145.119987401848022, -41.53537947548341 ], [ 145.119969943988821, -41.5354032378347 ], [ 145.11995843387507, -41.535432276736763 ], [ 145.119944642040508, -41.535485884862538 ], [ 145.119943349364831, -41.535503624897331 ], [ 145.119946077548349, -41.535514549856813 ], [ 145.119970581792614, -41.535560813647443 ], [ 145.119982361400957, -41.535574182875521 ], [ 145.120009174315612, -41.53559412105475 ], [ 145.120050333325281, -41.535618310991516 ], [ 145.120252684232952, -41.535700807793262 ], [ 145.120318466064532, -41.535716249413014 ], [ 145.120594742930194, -41.535770204948008 ], [ 145.120615863220792, -41.535776863988517 ], [ 145.120642837832179, -41.535791661405646 ], [ 145.120668125407377, -41.535812142165781 ], [ 145.120701777196274, -41.535857960597703 ], [ 145.120708241473068, -41.535870675494259 ], [ 145.120799619002042, -41.53615181265674 ], [ 145.120802642731292, -41.536178215999463 ], [ 145.120798046052016, -41.536204485519413 ], [ 145.12075017572883, -41.536354918274299 ], [ 145.1206214166059, -41.536562420198059 ], [ 145.120605153506006, -41.536597082684352 ], [ 145.120592616617898, -41.536634688324121 ], [ 145.120589587498756, -41.53668504969599 ], [ 145.120586926688901, -41.536825376943874 ], [ 145.120590111216529, -41.536846621913043 ], [ 145.120613659653429, -41.536925510316195 ], [ 145.120629233745518, -41.536964728214315 ], [ 145.120654049705223, -41.537000674795422 ], [ 145.121010000848372, -41.537473640215168 ], [ 145.121042586336927, -41.537504552862906 ], [ 145.121286412461245, -41.537702905025341 ], [ 145.121251781508732, -41.537843250236989 ], [ 145.121108524475432, -41.538230975322733 ], [ 145.121088578282894, -41.538261569562927 ], [ 145.120969213741233, -41.538409068562451 ], [ 145.120930969764601, -41.538441075428402 ], [ 145.120760140740288, -41.538475985022899 ], [ 145.120722736688492, -41.538479372566428 ], [ 145.120563690865765, -41.538476655404217 ], [ 145.120545480218283, -41.538474628795129 ], [ 145.120520549274232, -41.538467906826881 ], [ 145.120424955951563, -41.538430758139512 ], [ 145.120405551443156, -41.538417822526917 ], [ 145.120361135142247, -41.53837524149511 ], [ 145.120333847917152, -41.538345568496467 ], [ 145.120322972014037, -41.538327043877949 ], [ 145.120280332580734, -41.53819914384956 ], [ 145.120270173533157, -41.538182350623067 ], [ 145.120220048438654, -41.538127075830182 ], [ 145.120181342727989, -41.538097198307369 ], [ 145.120164081599825, -41.538088890774787 ], [ 145.120120068642507, -41.538084126802751 ], [ 145.120033391997339, -41.538079791150842 ], [ 145.120018091891382, -41.538082396038504 ], [ 145.120004952233757, -41.538089053496194 ], [ 145.119950991332928, -41.538136825660231 ], [ 145.119932059338367, -41.53815885287429 ], [ 145.119916561603077, -41.538193537366659 ], [ 145.1198623743268, -41.538351305411759 ], [ 145.1198415729381, -41.538385326142667 ], [ 145.119824196825533, -41.538406226331013 ], [ 145.119755440672037, -41.538465213198116 ], [ 145.119735252832612, -41.53847805063107 ], [ 145.119561500690338, -41.538560457718276 ], [ 145.119534570994773, -41.538569736132359 ], [ 145.119379658320696, -41.538607210180103 ], [ 145.119323016847034, -41.5386171367782 ], [ 145.11827201311749, -41.53870410118931 ], [ 145.118252052551838, -41.538709493805996 ], [ 145.118232727095148, -41.538719472162853 ], [ 145.118140865374187, -41.538787230813398 ], [ 145.118168135531249, -41.538817489265405 ], [ 145.11819507780325, -41.538858623013056 ], [ 145.118218093539184, -41.538878490923196 ], [ 145.118285922631344, -41.538927193097145 ], [ 145.118432311191754, -41.538997293475191 ], [ 145.118443473657408, -41.539005500704569 ], [ 145.11847679217135, -41.539037579221365 ], [ 145.118493560124421, -41.539062496071217 ], [ 145.118508143374726, -41.539160711009323 ], [ 145.118508254765828, -41.539182482366058 ], [ 145.118474262515463, -41.539455182797361 ], [ 145.118467538625595, -41.539526677134944 ], [ 145.118473521405406, -41.539555993226394 ], [ 145.118512074402418, -41.539642008310288 ], [ 145.118522942220721, -41.539659965730607 ], [ 145.118535516838051, -41.539672780737639 ], [ 145.118553495720192, -41.539682820805382 ], [ 145.118662017596421, -41.539720191333203 ], [ 145.118689242837718, -41.539726383331512 ], [ 145.118714323800475, -41.539727956041148 ], [ 145.119224489626731, -41.539726882241531 ], [ 145.119259484396935, -41.539728058243774 ], [ 145.119277677976385, -41.539730652979252 ], [ 145.11929654439399, -41.539736131575687 ], [ 145.119330407286895, -41.539749880510747 ], [ 145.119340109990276, -41.539756352890841 ], [ 145.119346702726233, -41.539765044141141 ], [ 145.119351462898919, -41.539784045068686 ], [ 145.119356903994571, -41.539831681503834 ], [ 145.119356821349498, -41.539859754218845 ], [ 145.11935110716604, -41.539872837467485 ], [ 145.119335286037199, -41.539892619000916 ], [ 145.119118156046511, -41.540127260338252 ], [ 145.119064908408006, -41.540176773135435 ], [ 145.118989246006635, -41.540237366721087 ], [ 145.118958923374208, -41.540258612586591 ], [ 145.118933420203263, -41.540270787369401 ], [ 145.118827127047325, -41.540311947087893 ], [ 145.118764819899155, -41.540333237305923 ], [ 145.118452992206187, -41.540398386781902 ], [ 145.118405429106843, -41.540410181644617 ], [ 145.118389195651304, -41.540418499637092 ], [ 145.118374372550818, -41.540430272307617 ], [ 145.118277745267306, -41.54053003499785 ], [ 145.11826482839183, -41.540555024561797 ], [ 145.11825783321072, -41.540636277222362 ], [ 145.118260516478529, -41.540648336285415 ], [ 145.118266271086185, -41.54065989644338 ], [ 145.118315563442422, -41.540717455147195 ], [ 145.118327471509843, -41.540726818643414 ], [ 145.118342473375066, -41.540734522044389 ], [ 145.1183688649798, -41.540742987917639 ], [ 145.118699180001414, -41.540824231601157 ], [ 145.118719485520046, -41.540832597951287 ], [ 145.118739525137443, -41.540850120015207 ], [ 145.118746723337779, -41.54086399108543 ], [ 145.118750123461126, -41.540877799621981 ], [ 145.118742697088635, -41.540973916018096 ], [ 145.118738260309527, -41.540995045321196 ], [ 145.118722926965944, -41.541023994304304 ], [ 145.118673290554909, -41.541105648453566 ], [ 145.11864716035987, -41.541139005450304 ], [ 145.118486348449323, -41.541297829325586 ], [ 145.118311948621709, -41.541426645042066 ], [ 145.118244336921919, -41.541472472271515 ], [ 145.117812341593321, -41.541660469268443 ], [ 145.117707817220122, -41.541693064861754 ], [ 145.117671050073852, -41.541700460876839 ], [ 145.117599938537694, -41.541710707718174 ], [ 145.117127251323382, -41.541629345467236 ], [ 145.11707247295567, -41.541627835333848 ], [ 145.11701913189242, -41.541629231837433 ], [ 145.116995455894767, -41.541631680593312 ], [ 145.11697387387008, -41.541640487238439 ], [ 145.116895952205681, -41.541699880625863 ], [ 145.1168833003332, -41.541715714819098 ], [ 145.116880646709859, -41.541728271230753 ], [ 145.116903225864576, -41.541839218031541 ], [ 145.116919304809812, -41.541861836336636 ], [ 145.116963720212482, -41.541904418434619 ], [ 145.116994906125797, -41.541930733366449 ], [ 145.117048091780504, -41.54196027360949 ], [ 145.117365282415733, -41.542123798630037 ], [ 145.117501774236672, -41.542219497655971 ], [ 145.117519575252402, -41.542235271882006 ], [ 145.117540759323361, -41.542265421815607 ], [ 145.117592737642354, -41.542386613084297 ], [ 145.117599658263288, -41.542409648731997 ], [ 145.117600208930526, -41.542442307149287 ], [ 145.117584749822839, -41.542781781454075 ], [ 145.117587394463015, -41.542795578151065 ], [ 145.117595948221179, -41.542815200115051 ], [ 145.117614088800025, -41.542845300024155 ], [ 145.117626603230264, -41.542859834951116 ], [ 145.117645225306092, -41.542873325710943 ], [ 145.117672269087706, -41.542885820041342 ], [ 145.118031258333104, -41.543001346259004 ], [ 145.118063589598506, -41.543015070295255 ], [ 145.118099369496292, -41.543040884545938 ], [ 145.118113421842224, -41.543054876841779 ], [ 145.118230835243168, -41.543202961282752 ], [ 145.118281978128948, -41.543249670047409 ], [ 145.118339942820938, -41.543297625312178 ], [ 145.118365448686774, -41.543310660800941 ], [ 145.118617754009108, -41.543404326909382 ], [ 145.118637264518725, -41.543413247612094 ], [ 145.11865296706992, -41.543423259532943 ], [ 145.11867149033111, -41.543440179816756 ], [ 145.118683171124729, -41.543456997899419 ], [ 145.118707478637987, -41.543510111922693 ], [ 145.118710778149989, -41.543527360288614 ], [ 145.11871090750742, -41.543548555319667 ], [ 145.118706644103128, -41.543589736483987 ], [ 145.118693947314824, -41.543606705133087 ], [ 145.118584867584815, -41.543689637509381 ], [ 145.118555982256879, -41.543713789456355 ], [ 145.118520926401203, -41.543765896098144 ], [ 145.118507931372335, -41.543793181136074 ], [ 145.118505688279043, -41.543817201937507 ], [ 145.118510017260405, -41.543876285392827 ], [ 145.118521627087148, -41.543895956782222 ], [ 145.118563023252051, -41.543937336066094 ], [ 145.118573131993998, -41.543955839579702 ], [ 145.118584962806239, -41.543967489240138 ], [ 145.118644545364134, -41.544012624847113 ], [ 145.118726959503221, -41.544057566788531 ], [ 145.118750263598344, -41.544067126124524 ], [ 145.118766903990661, -41.544070848200654 ], [ 145.119001278939891, -41.544075980174142 ], [ 145.119033364965134, -41.544072514932289 ], [ 145.119066323254657, -41.544065047248075 ], [ 145.119499251932723, -41.543948674435725 ], [ 145.119552843625996, -41.543938697558062 ], [ 145.11973752467199, -41.54395042790258 ], [ 145.119762094493353, -41.543994954380409 ], [ 145.119768293767095, -41.544016834373551 ], [ 145.119760778461398, -41.544115245506326 ], [ 145.119753144578141, -41.544142042278281 ], [ 145.11968565594745, -41.544234842554964 ], [ 145.119665151002806, -41.544258555933695 ], [ 145.119573821982812, -41.54433377240057 ], [ 145.119551356015847, -41.544346573034687 ], [ 145.11929212558104, -41.544434975937037 ], [ 145.119227559170014, -41.54445507677935 ], [ 145.118726292054987, -41.54456514217658 ], [ 145.118684042490486, -41.544577601218691 ], [ 145.118670068298002, -41.544586531844573 ], [ 145.118601809811082, -41.544654118953567 ], [ 145.118589846946463, -41.544672243065634 ], [ 145.118586375856211, -41.544686506631329 ], [ 145.118579368098665, -41.544845082443324 ], [ 145.118571165581812, -41.544864988854179 ], [ 145.118549844068525, -41.544890408379956 ], [ 145.11851251547526, -41.544916700582029 ], [ 145.118382093570744, -41.545000418577366 ], [ 145.118327996125998, -41.545026994458127 ], [ 145.118289506909292, -41.545041235086366 ], [ 145.118154423646757, -41.545077329124851 ], [ 145.118083313008924, -41.545087000589128 ], [ 145.118069412478178, -41.5451194223389 ], [ 145.11806844589097, -41.545151489082642 ], [ 145.118073351590709, -41.545165889697728 ], [ 145.118098513401804, -41.545190377257647 ], [ 145.118140908313023, -41.545223742489263 ] ] } },
{ "type": "Feature", "properties": { "creek": "Longback Creek", "part": 0, "access": "dec:EL25/2020", "lead": false, "prime": false, "length_m": 400 }, "geometry": { "type": "LineString", "coordinates": [ [ 145.118414617736534, -41.545306630050113 ], [ 145.118490764567269, -41.545314489685616 ], [ 145.118516503096771, -41.545319513315697 ], [ 145.118531443876549, -41.545328926570086 ], [ 145.118550651653976, -41.545348731982941 ], [ 145.118560056116735, -41.54536552133149 ], [ 145.118560284288776, -41.545383277481463 ], [ 145.118538036612449, -41.545465397426554 ], [ 145.118529295106441, -41.545477854950526 ], [ 145.118512832580478, -41.545493617624473 ], [ 145.118305152866611, -41.545665391190418 ], [ 145.118279894037471, -41.545695897873038 ], [ 145.118259160920672, -41.545727055350063 ], [ 145.118250108597579, -41.545749811466088 ], [ 145.118245919753406, -41.545864894885462 ], [ 145.118249124942366, -41.545885005368092 ], [ 145.118272594327465, -41.545940970054481 ], [ 145.118339833226486, -41.546060699534763 ], [ 145.118402236494319, -41.546164875377897 ], [ 145.118419126618278, -41.546185228474137 ], [ 145.118589906235258, -41.546331348631853 ], [ 145.118624378185956, -41.546375478820423 ], [ 145.118642826886941, -41.546421048407197 ], [ 145.118644610042793, -41.546437704358787 ], [ 145.118619149092723, -41.546551259727515 ], [ 145.118513252093749, -41.546757420615997 ], [ 145.11850334906606, -41.546783036385222 ], [ 145.118501105972769, -41.546807056748229 ], [ 145.118507765184006, -41.546916021602975 ], [ 145.118512325930681, -41.546941873962638 ], [ 145.118524712800195, -41.546960414265797 ], [ 145.118627955277447, -41.547047542257403 ], [ 145.118666670869572, -41.547076844854679 ], [ 145.118862047257352, -41.547190159086966 ], [ 145.11914475695869, -41.54731126112106 ], [ 145.119208751142935, -41.547335842663642 ], [ 145.119462669839493, -41.547400882894046 ], [ 145.119632309494364, -41.547431831134787 ], [ 145.11968241572427, -41.547436694591688 ], [ 145.120308621427341, -41.547478846777146 ], [ 145.120373384569405, -41.547553851755929 ], [ 145.120374560464143, -41.547668446561524 ] ] } },
{ "type": "Feature", "properties": { "creek": "Longback Creek", "part": 1, "access": "dec:EL25/2020", "lead": false, "prime": false, "length_m": 3850 }, "geometry": { "type": "LineString", "coordinates": [ [ 145.120232632039119, -41.547908362789748 ], [ 145.120140256481847, -41.548274013852485 ], [ 145.120065027068421, -41.548473256715518 ], [ 145.120046565791, -41.548505028003341 ], [ 145.120016090444977, -41.548531433025516 ], [ 145.119809415945866, -41.548695209672559 ], [ 145.119738977247778, -41.548759312033312 ], [ 145.119720892364484, -41.548778488475222 ], [ 145.119697902679775, -41.548808465268237 ], [ 145.119678764970928, -41.548837929089473 ], [ 145.119644068441431, -41.548903218573017 ], [ 145.119632627497936, -41.54892938544198 ], [ 145.119586010324554, -41.549165185953953 ], [ 145.119569120200595, -41.549195262738422 ], [ 145.119463818784709, -41.54933038960251 ], [ 145.11944426156262, -41.549347821966606 ], [ 145.119306524676716, -41.549447443837082 ], [ 145.11928250103108, -41.5494613715518 ], [ 145.119036454271424, -41.549566607484337 ], [ 145.119010307906791, -41.549574754211321 ], [ 145.118890639734502, -41.549603652965807 ], [ 145.118590775804449, -41.549649543645074 ], [ 145.118568564060752, -41.549679524067869 ], [ 145.118553921521595, -41.549710213733952 ], [ 145.118530457526418, -41.549782568681792 ], [ 145.118525132313408, -41.549808258547841 ], [ 145.118527350253856, -41.549861587861685 ], [ 145.118531750202123, -41.549892607530687 ], [ 145.118580762284012, -41.550088208382896 ], [ 145.11858116472925, -41.550126025339921 ], [ 145.118574200989144, -41.550206117053357 ], [ 145.118568814690661, -41.550233517694139 ], [ 145.118534406520382, -41.550314852983902 ], [ 145.118515876971003, -41.550348910446409 ], [ 145.118222351553612, -41.550718022675788 ], [ 145.118214298157085, -41.550732769615138 ], [ 145.118194914309925, -41.550795463565919 ], [ 145.118175103762951, -41.550872453942674 ], [ 145.118172804974108, -41.550898788081909 ], [ 145.118176756663047, -41.550970447918274 ], [ 145.118193112289418, -41.551034897602321 ], [ 145.118201567232887, -41.551057958404229 ], [ 145.118254656767903, -41.551167143320548 ], [ 145.118267729051865, -41.551188549627895 ], [ 145.118283287872572, -41.551203152595001 ], [ 145.118368082547221, -41.551245259971999 ], [ 145.118398356670582, -41.551251510698343 ], [ 145.118471340295827, -41.551255614880034 ], [ 145.118495036954755, -41.551252580273015 ], [ 145.118521433051058, -41.551235836150482 ], [ 145.118731363044759, -41.55106525183573 ], [ 145.118754570121808, -41.551053040093791 ], [ 145.118884538377131, -41.55101056553314 ], [ 145.118902113915624, -41.551008574947112 ], [ 145.118939375135284, -41.551010355113206 ], [ 145.11914059506401, -41.551029238450859 ], [ 145.119191849340865, -41.551046721449175 ], [ 145.119252798236261, -41.551071821234288 ], [ 145.119302144491428, -41.551103017128852 ], [ 145.119311769939713, -41.551111776097599 ], [ 145.119324207114801, -41.551128597562972 ], [ 145.119339812647922, -41.551167248194119 ], [ 145.119376369588394, -41.55129505870822 ], [ 145.119377166394088, -41.551344915220795 ], [ 145.11937437622683, -41.551413041815564 ], [ 145.119364357316385, -41.551442654364585 ], [ 145.119253671398695, -41.551630976655531 ], [ 145.119233408999179, -41.551671877717141 ], [ 145.119231639318031, -41.551705642703496 ], [ 145.119246441757269, -41.552026715071307 ], [ 145.119245438339107, -41.552060491972938 ], [ 145.11922503131089, -41.55210597553733 ], [ 145.11911047904411, -41.552321714474708 ], [ 145.119098232311813, -41.55234957874648 ], [ 145.119095515806379, -41.552363864147367 ], [ 145.119094504303376, -41.552474414892771 ], [ 145.119119391230043, -41.552482856372343 ], [ 145.119141827552568, -41.552496409660584 ], [ 145.119229092594196, -41.552558056548953 ], [ 145.119262572804871, -41.552584408824607 ], [ 145.119271339463666, -41.552597161439841 ], [ 145.119278439747745, -41.55261446250622 ], [ 145.11931698016835, -41.552752041314136 ], [ 145.119332358427727, -41.552798137483542 ], [ 145.119340407332658, -41.55280915834205 ], [ 145.119350062425326, -41.552817332222652 ], [ 145.119397253622139, -41.552843908923776 ], [ 145.119421439862833, -41.55285006000269 ], [ 145.119457163166743, -41.552852382623065 ], [ 145.120014192304808, -41.552865862558718 ], [ 145.120067792082807, -41.552958427799922 ], [ 145.120071865044309, -41.552975112318457 ], [ 145.120078617680292, -41.553029650409222 ], [ 145.120069951632757, -41.553116009910902 ], [ 145.120061048429989, -41.553133616710397 ], [ 145.12004301205576, -41.553151074266523 ], [ 145.119972008317347, -41.553208871254093 ], [ 145.11994250135524, -41.553227843358108 ], [ 145.119687014200196, -41.553342670786243 ], [ 145.119670760981791, -41.553351555833352 ], [ 145.119646541503386, -41.553371767512701 ], [ 145.119612692085127, -41.553409015175568 ], [ 145.119578088980404, -41.553471433600308 ], [ 145.119574472363098, -41.553490279245722 ], [ 145.119609266808993, -41.553753819229776 ], [ 145.119603814933498, -41.554013810072995 ], [ 145.119609165299352, -41.554038540320342 ], [ 145.119655752828265, -41.554187706776226 ], [ 145.119654973988929, -41.554290245406385 ], [ 145.119651205556295, -41.554340018268661 ], [ 145.119642217911945, -41.554360496515557 ], [ 145.11954733336006, -41.554478041110499 ], [ 145.119416001462156, -41.554592107369054 ], [ 145.119306442930053, -41.554665287056984 ], [ 145.11928400211599, -41.554677511561124 ], [ 145.119239389982312, -41.554692219280135 ], [ 145.119143438231873, -41.554717507218513 ], [ 145.119111313578998, -41.554722115352277 ], [ 145.118730309320938, -41.554755176938073 ], [ 145.118555043517375, -41.554784849801102 ], [ 145.118512114826615, -41.554794433095708 ], [ 145.118438960521445, -41.554821255691806 ], [ 145.118009014250049, -41.554989255466339 ], [ 145.117966567056271, -41.555007438526012 ], [ 145.117737507438591, -41.55515535307957 ], [ 145.117706572155129, -41.555171446145366 ], [ 145.11766745860939, -41.555180514458435 ], [ 145.117305512109994, -41.555238517348705 ], [ 145.117285529984827, -41.555244476615833 ], [ 145.117273108081122, -41.555252289204176 ], [ 145.117229663757342, -41.555304825508721 ], [ 145.117220774927603, -41.55532186502775 ], [ 145.117217581416782, -41.55535217489804 ], [ 145.117221032744084, -41.555466220791786 ], [ 145.117298511539019, -41.555524277875527 ], [ 145.117339552869424, -41.555552465449473 ], [ 145.117367339557774, -41.555565548211774 ], [ 145.117446561982661, -41.555590380042915 ], [ 145.11747616596287, -41.555593747195473 ], [ 145.117731169824253, -41.555598085034198 ], [ 145.117813291112583, -41.555602338845041 ], [ 145.11783355081721, -41.555612425511463 ], [ 145.117853628163772, -41.555628804157017 ], [ 145.117859454636687, -41.55563750066824 ], [ 145.117861971716167, -41.555655303741354 ], [ 145.117861112926732, -41.55570970848796 ], [ 145.117857030982066, -41.555744587920813 ], [ 145.117770102808663, -41.555927001663449 ], [ 145.117756826607092, -41.555963441866091 ], [ 145.117748099474085, -41.556000532753558 ], [ 145.117751039659993, -41.556029799026433 ], [ 145.117763717583642, -41.556064385872745 ], [ 145.117828393589122, -41.556168608112031 ], [ 145.117842808854505, -41.556195783722572 ], [ 145.117845314255845, -41.55621357655869 ], [ 145.117843028043438, -41.556265103089387 ], [ 145.117838867945323, -41.556277059077829 ], [ 145.11782695179312, -41.556293472510035 ], [ 145.117529671417799, -41.556608651008503 ], [ 145.117491041165664, -41.556652682761175 ], [ 145.117478909417741, -41.556676541487896 ], [ 145.117435327651748, -41.55686140346824 ], [ 145.117425411149327, -41.556887018594935 ], [ 145.117407202298494, -41.556910768337652 ], [ 145.117234958427645, -41.557093450359794 ], [ 145.117189923187482, -41.557173458825972 ], [ 145.117179246710322, -41.55719962839715 ], [ 145.117178536142944, -41.557248884111324 ], [ 145.117185031860743, -41.557362997911738 ], [ 145.117188871260282, -41.557387703350578 ], [ 145.117201027262666, -41.557414256662092 ], [ 145.117308213344074, -41.557599398856219 ], [ 145.117324719887421, -41.557633480713122 ], [ 145.117388670952522, -41.5578895007461 ], [ 145.117391627308109, -41.55791819950214 ], [ 145.11739188332794, -41.557960598943282 ], [ 145.117393526346632, -41.558237322572531 ], [ 145.117398344909788, -41.558305573652774 ], [ 145.117408822859261, -41.558388247201911 ], [ 145.117433980178788, -41.558464289484938 ], [ 145.117458013705971, -41.558526568589905 ], [ 145.11754991405445, -41.558688547353626 ], [ 145.117557408698843, -41.558717887694399 ], [ 145.117608806706158, -41.558986293822784 ], [ 145.117618747463041, -41.559036309088405 ], [ 145.11762807467062, -41.559055366865913 ], [ 145.117650413076859, -41.559072359015467 ], [ 145.117715608308657, -41.559108418332983 ], [ 145.117740468285803, -41.559117426941505 ], [ 145.118053729689962, -41.559185783297274 ], [ 145.118084608379547, -41.55919776361619 ], [ 145.118096440988438, -41.559209422629444 ], [ 145.118102869332603, -41.55922384901703 ], [ 145.11810388173393, -41.559241050171025 ], [ 145.118091539780266, -41.559323341396443 ], [ 145.118086323263412, -41.559344448570677 ], [ 145.118075074559414, -41.559364304808724 ], [ 145.117955890579111, -41.559504354298547 ], [ 145.117939208864271, -41.559527552564404 ], [ 145.117927881108528, -41.559549704238719 ], [ 145.117920070257185, -41.55958164955441 ], [ 145.117910163636196, -41.559709806406744 ], [ 145.1179098806669, -41.559744748209894 ], [ 145.11791685249176, -41.559766064293605 ], [ 145.117931609116937, -41.559782355847894 ], [ 145.118128162297722, -41.559959278623403 ], [ 145.118248238305171, -41.56012115028156 ], [ 145.118388990835484, -41.560253584439096 ], [ 145.118402276020191, -41.560268131584536 ], [ 145.118414631448587, -41.560287824201019 ], [ 145.118467392200216, -41.560434228402933 ], [ 145.118531273196652, -41.560539572167329 ], [ 145.118573525456071, -41.560603878548761 ], [ 145.118751333491815, -41.560822312067671 ], [ 145.118856999623745, -41.560931231117273 ], [ 145.119149267399791, -41.561014679001396 ], [ 145.119484170117488, -41.561174480444272 ], [ 145.119546295805861, -41.561211046071257 ], [ 145.119568675534566, -41.561227471693698 ], [ 145.119693236830159, -41.561340733563107 ], [ 145.11980569602224, -41.561477260688072 ], [ 145.119814447409794, -41.561490580195432 ], [ 145.119850459072893, -41.561585713500307 ], [ 145.119851359184793, -41.561606353458046 ], [ 145.119792686620315, -41.561812162519871 ], [ 145.119784453560783, -41.561832644448728 ], [ 145.11974601734471, -41.561895585068882 ], [ 145.119723723854236, -41.561927851859174 ], [ 145.119712803035327, -41.561962043011057 ], [ 145.119697891899989, -41.562079238377009 ], [ 145.119698937538942, -41.562095296783291 ], [ 145.119707934166541, -41.56212580579497 ], [ 145.119739482101011, -41.562191647809293 ], [ 145.119772080166001, -41.562247771121783 ], [ 145.120010615213289, -41.562549715561602 ], [ 145.120022199887188, -41.562569953939096 ], [ 145.120052027547871, -41.562642648713847 ], [ 145.120057527932374, -41.562662220292438 ], [ 145.120058651724804, -41.562675983172447 ], [ 145.120049162820436, -41.562789836007639 ], [ 145.120043235736262, -41.562809787976008 ], [ 145.120032037337864, -41.562827924473893 ], [ 145.119975705783077, -41.562903731659503 ], [ 145.119771808874816, -41.563100779246405 ], [ 145.119756698313381, -41.563122292505064 ], [ 145.119746776421096, -41.563148475126638 ], [ 145.119707721265826, -41.563283576855127 ], [ 145.119705523088328, -41.563306454497706 ], [ 145.119706245333788, -41.56333281986673 ], [ 145.119713230633437, -41.563354136111165 ], [ 145.119742651357285, -41.563414782582775 ], [ 145.119879051550043, -41.563617026919353 ], [ 145.12005087141614, -41.563806700354057 ], [ 145.120182252721406, -41.563947571645727 ], [ 145.120259206001862, -41.564023351976779 ], [ 145.120273802726899, -41.564044792337981 ], [ 145.120293148844922, -41.564060006057439 ], [ 145.120804414209033, -41.564385502845148 ], [ 145.120832712038805, -41.564407176314866 ], [ 145.12090769890716, -41.564472611383465 ], [ 145.120976275397652, -41.564548245247103 ], [ 145.121104291613847, -41.564674154070168 ], [ 145.121493451676344, -41.565187748410501 ], [ 145.121514926801552, -41.565208166762169 ], [ 145.121657559505763, -41.565329737786158 ], [ 145.121672255943821, -41.565347748562573 ], [ 145.121679706570774, -41.565353031418034 ], [ 145.121723339540779, -41.565371523425028 ], [ 145.121773440380736, -41.56540273997485 ], [ 145.12180362107938, -41.565412419824334 ], [ 145.122364858824483, -41.565543964008903 ], [ 145.122417758814947, -41.565558032088298 ], [ 145.122467519193464, -41.565574912972941 ], [ 145.122541760460081, -41.565588780082756 ], [ 145.122566690505863, -41.565595501247721 ], [ 145.123037431969266, -41.565747846346319 ], [ 145.123100017595107, -41.565769538850397 ], [ 145.123122504223318, -41.56578194810205 ], [ 145.123182653618102, -41.565833953614501 ], [ 145.123209103613306, -41.565866476529827 ], [ 145.123239743351036, -41.565911686910439 ], [ 145.123254455060447, -41.565954898396193 ], [ 145.123263043852887, -41.565999153643403 ], [ 145.123288971926911, -41.566253945523584 ], [ 145.123272853455774, -41.566616862188361 ], [ 145.123252087101349, -41.566802701873968 ], [ 145.123251317245177, -41.566828466972026 ], [ 145.123259300573125, -41.566867551803021 ], [ 145.123301699257865, -41.567029824875426 ], [ 145.123305510809615, -41.56708086559064 ], [ 145.123301613019606, -41.567109443319325 ], [ 145.123288484141739, -41.567166512037915 ], [ 145.123279363546629, -41.567191563892969 ], [ 145.12320879010133, -41.56731066995993 ], [ 145.123199002057959, -41.56733227053391 ], [ 145.123194840163251, -41.567370004143157 ], [ 145.123193379502567, -41.567444457100848 ], [ 145.123195110556111, -41.567463399486407 ], [ 145.123219692055557, -41.567533126155439 ], [ 145.123237301730143, -41.567555768403935 ], [ 145.123313495934212, -41.567631534421757 ], [ 145.123327703688688, -41.567640367769464 ], [ 145.123345806538339, -41.56764640049564 ], [ 145.123589105351556, -41.567687183215163 ], [ 145.12373676682472, -41.567690836721866 ], [ 145.123795416931273, -41.567690686172675 ], [ 145.124121010407691, -41.567653236374824 ], [ 145.12422994461059, -41.567652798168822 ], [ 145.124552720072018, -41.567658830893841 ], [ 145.124595997309115, -41.567663580589006 ], [ 145.124660406515005, -41.567674980662559 ], [ 145.124980841865039, -41.567759458222966 ], [ 145.125018686091408, -41.567767551577845 ], [ 145.125081082172699, -41.567769749324754 ], [ 145.125247177973762, -41.567767991127255 ], [ 145.125346483135161, -41.567758784784843 ], [ 145.125430309425951, -41.567757341127006 ], [ 145.125581770772641, -41.567761045708892 ], [ 145.125612148202293, -41.567764422980829 ], [ 145.125693224749995, -41.567778399844066 ], [ 145.126089329688028, -41.567880194412012 ], [ 145.12648625388951, -41.568031286050285 ], [ 145.126922775828803, -41.568157244541503 ], [ 145.126971801385451, -41.568173544061615 ], [ 145.127149723507245, -41.568260197193517 ], [ 145.127310770776404, -41.568352285383341 ], [ 145.127580216852664, -41.568461675642915 ], [ 145.127933458676893, -41.56867331538156 ], [ 145.128129869923868, -41.56877974927508 ], [ 145.128218704322308, -41.568815052459051 ], [ 145.128242097350608, -41.568822314315177 ], [ 145.128410980624068, -41.568854958045243 ], [ 145.128440607062146, -41.568857755252779 ], [ 145.128810171275035, -41.568853125948173 ], [ 145.128960324674807, -41.568824154478101 ], [ 145.12899178816761, -41.568816092171417 ], [ 145.129008778004589, -41.568808361872733 ], [ 145.129035178592517, -41.568791615577425 ], [ 145.129393184182646, -41.568534156786747 ], [ 145.129522592787538, -41.568460146645755 ], [ 145.129584466049351, -41.568428539746421 ], [ 145.129778256012344, -41.568340724800329 ], [ 145.129924607741771, -41.568285913319997 ], [ 145.129981443251523, -41.568269689102145 ], [ 145.130073521466471, -41.56824660755769 ], [ 145.13010799162052, -41.568240314117077 ], [ 145.130158275716894, -41.568240024446759 ], [ 145.130207693837292, -41.568243151676569 ], [ 145.130289424358494, -41.568261144166549 ], [ 145.13031278414914, -41.568269566782028 ], [ 145.130341841953594, -41.568291250374379 ], [ 145.130578692659753, -41.568498042913262 ], [ 145.130618110734389, -41.568530208281999 ], [ 145.130649540989566, -41.568549075075609 ], [ 145.130766757659416, -41.568603751915624 ], [ 145.13079246115467, -41.568609916280501 ], [ 145.130892341237796, -41.568607018921568 ], [ 145.130959520847995, -41.568601851930829 ], [ 145.131371494525553, -41.568502260926536 ], [ 145.131393690099543, -41.56849863166083 ], [ 145.131434840126104, -41.568498174642166 ], [ 145.131497976419183, -41.568500957751347 ], [ 145.131522252491436, -41.568504234171662 ], [ 145.131663568265424, -41.568542135117887 ], [ 145.131991840517998, -41.568671412710479 ], [ 145.132206625007484, -41.568723161177346 ], [ 145.132236235275883, -41.568726524285239 ], [ 145.132413122538452, -41.568720347161914 ], [ 145.132433024713634, -41.568717238773502 ], [ 145.132496143938766, -41.568694819391929 ], [ 145.132849194421794, -41.568553546461871 ], [ 145.132872223632461, -41.568547634123767 ], [ 145.132908777877958, -41.56854767848143 ], [ 145.133183062280324, -41.568570633566239 ], [ 145.133250015515046, -41.56857290991983 ], [ 145.133307205859325, -41.568571010606206 ], [ 145.133438007751266, -41.568552590083911 ] ] } },
{ "type": "Feature", "properties": { "creek": "Hangmans Creek", "part": 0, "access": "held:EL2/2018", "lead": true, "prime": false, "length_m": 225 }, "geometry": { "type": "LineString", "coordinates": [ [ 145.093137522472034, -41.732375720339789 ], [ 145.093191845393903, -41.732207867347228 ], [ 145.0932135298265, -41.73215159424587 ], [ 145.093401864320782, -41.731762351729309 ], [ 145.093584039067139, -41.731467448641986 ], [ 145.093595522231425, -41.731443042484941 ], [ 145.093641186292245, -41.731260148860564 ], [ 145.093647662247179, -41.731225355591882 ], [ 145.093658146484842, -41.730902168800462 ], [ 145.093663317187605, -41.730813550015185 ], [ 145.093672470122016, -41.730790248421108 ], [ 145.093708658753201, -41.730734234191438 ], [ 145.093902151373925, -41.730515083428436 ], [ 145.093911812754754, -41.730499806394107 ], [ 145.09391768683841, -41.730483313923713 ], [ 145.093919585039629, -41.730470995495637 ] ] } },
{ "type": "Feature", "properties": { "creek": "Hangmans Creek", "part": 0, "access": "held:EL2/2018", "lead": false, "prime": false, "length_m": 1799 }, "geometry": { "type": "LineString", "coordinates": [ [ 145.093954026545475, -41.73024748548422 ], [ 145.093957352848065, -41.730225899170698 ], [ 145.094043845338604, -41.729961309394362 ], [ 145.094054440069073, -41.729940896262569 ], [ 145.094199072423038, -41.729744332803399 ], [ 145.094320860619405, -41.729498124994727 ], [ 145.094376336079762, -41.729412708830665 ], [ 145.094400010280708, -41.729389090295008 ], [ 145.094525821132891, -41.729278037473009 ], [ 145.094558215280358, -41.729221383022477 ], [ 145.094575503358016, -41.729182780038862 ], [ 145.0945826135235, -41.729128534296805 ], [ 145.094613141870155, -41.728799411149161 ], [ 145.094623375477795, -41.728766401196062 ], [ 145.094694407063969, -41.72860169711192 ], [ 145.094719922811322, -41.728521458072038 ], [ 145.094730000112207, -41.728470116699178 ], [ 145.094732280036339, -41.728376306845675 ], [ 145.094687970634965, -41.728117363800443 ], [ 145.094676933035117, -41.728033609122555 ], [ 145.09470716314101, -41.727757241643928 ], [ 145.09473436143287, -41.727699816871869 ], [ 145.094785294112825, -41.727636633741213 ], [ 145.094862215053951, -41.72757277475614 ], [ 145.094982136551153, -41.727478204665765 ], [ 145.095004968132486, -41.727457444803029 ], [ 145.095019354651697, -41.727437671136506 ], [ 145.0950758667679, -41.727343102858505 ], [ 145.095085737456259, -41.72732153374136 ], [ 145.095092246648761, -41.727285589219292 ], [ 145.095106104060392, -41.727164501071478 ], [ 145.09510804621803, -41.727128480032121 ], [ 145.095074900180691, -41.726925841866809 ], [ 145.095072382202886, -41.726885730363705 ], [ 145.095075965582623, -41.726751871642364 ], [ 145.095080056510398, -41.726696423093323 ], [ 145.095116779639255, -41.726529385265209 ], [ 145.09512353227521, -41.72648601316412 ], [ 145.095141385393134, -41.726147502335422 ], [ 145.095144992129008, -41.726130395291499 ], [ 145.09515824407606, -41.726098579369093 ], [ 145.095322227937942, -41.725752394565021 ], [ 145.09534579523941, -41.725708743703372 ], [ 145.09538027617333, -41.725657860681096 ], [ 145.095404768739513, -41.725632544528821 ], [ 145.095477798178791, -41.725570907433536 ], [ 145.095498876248655, -41.725556972804981 ], [ 145.095743281786355, -41.725438896417849 ], [ 145.095872542169218, -41.725339346420384 ], [ 145.095892211680678, -41.725321398414096 ], [ 145.095906597301649, -41.725301615374221 ], [ 145.095981534762615, -41.725181053145668 ], [ 145.096113605973983, -41.72492358429438 ], [ 145.096124590573311, -41.72489114424949 ], [ 145.096137130156393, -41.724834142656128 ], [ 145.096150745921108, -41.724743951991393 ], [ 145.096153919669007, -41.724693072898248 ], [ 145.096156924533631, -41.724553467116039 ], [ 145.096181002976493, -41.724352435302677 ], [ 145.096188511095647, -41.724309067095703 ], [ 145.096205960870066, -41.724265314683954 ], [ 145.096342988985185, -41.723973018147881 ], [ 145.096369849510495, -41.723921990941527 ], [ 145.09651249748606, -41.723668146296838 ], [ 145.09652922770988, -41.723646699982844 ], [ 145.09660976706499, -41.723565156052857 ], [ 145.096632828614986, -41.723536951357708 ], [ 145.096642211518144, -41.723530253352592 ], [ 145.096697069835898, -41.7235106360381 ], [ 145.096789560377516, -41.723484824902286 ], [ 145.096893307708029, -41.723464946089969 ], [ 145.097047946395975, -41.723453989240532 ], [ 145.097260635115902, -41.723442363258243 ], [ 145.097315594044971, -41.723443354886207 ], [ 145.097337553362109, -41.723401963959148 ], [ 145.097402221282749, -41.72331556415137 ], [ 145.097417877121558, -41.723303250238381 ], [ 145.09745644538998, -41.723291352016552 ], [ 145.097585982453921, -41.723231874283954 ], [ 145.097630991642944, -41.723214822783589 ], [ 145.097649377461806, -41.723195114858747 ], [ 145.097702485861475, -41.723104812605818 ], [ 145.097715985743548, -41.723049438684484 ], [ 145.097720134163524, -41.723009482323263 ], [ 145.097724544891548, -41.722960613958051 ], [ 145.097726119638253, -41.722907267436511 ], [ 145.097721429534147, -41.722864930790166 ], [ 145.097717735661689, -41.722789259932625 ], [ 145.097698742581656, -41.722728898713918 ], [ 145.097666954797035, -41.722599390127527 ], [ 145.097584278349814, -41.722339533396834 ], [ 145.097573822858237, -41.72230844106069 ], [ 145.097566658793824, -41.722270530556386 ], [ 145.097572250806508, -41.722192221310969 ], [ 145.097581867271629, -41.722131154180566 ], [ 145.097661259478087, -41.72194370155006 ], [ 145.09766834179581, -41.721913494066378 ], [ 145.09767200332891, -41.721776772053865 ], [ 145.097614873171779, -41.721536495724621 ], [ 145.097616299696426, -41.721444940671724 ], [ 145.097623948851123, -41.721397566987179 ], [ 145.097647191860744, -41.72131671282331 ], [ 145.097667456056939, -41.721256975122422 ], [ 145.097686695275371, -41.721228707058053 ], [ 145.097811146078186, -41.721088437332682 ], [ 145.097821077851989, -41.721065140257203 ], [ 145.097835056536127, -41.720986979063781 ], [ 145.097825392460294, -41.720978784912667 ], [ 145.097814712389891, -41.720907627640685 ], [ 145.09778172265942, -41.720770812300032 ], [ 145.097676563177259, -41.720527380848338 ], [ 145.097657553029194, -41.720477817966014 ], [ 145.097624963947368, -41.720375928269519 ], [ 145.097621398534017, -41.720344382392852 ], [ 145.097595934888972, -41.720122390788632 ], [ 145.097638543779482, -41.719933166849245 ], [ 145.097641438151356, -41.719890865791925 ], [ 145.097638285963029, -41.719870198019422 ], [ 145.097638885139332, -41.719851897138518 ], [ 145.097663162109882, -41.719762468555793 ], [ 145.097684131483533, -41.719704471397513 ], [ 145.097768409626866, -41.719507363006748 ], [ 145.097777001114252, -41.71947775649874 ], [ 145.097775951881999, -41.719415927096399 ], [ 145.097772612844096, -41.719377513340895 ], [ 145.097754282720729, -41.719283316734199 ], [ 145.097715257209842, -41.719144104861002 ], [ 145.097700304751982, -41.719110641371174 ], [ 145.097678688591259, -41.719070762352352 ], [ 145.097663374112273, -41.71902469241612 ], [ 145.097657509011867, -41.718993684972894 ], [ 145.097662556645389, -41.718838091000812 ], [ 145.097665523780762, -41.718816965594989 ], [ 145.097691851605134, -41.718735018587431 ], [ 145.097706801368076, -41.718698087618343 ], [ 145.097732453659319, -41.718660207169123 ], [ 145.097776113578703, -41.718608899488579 ], [ 145.097797432397044, -41.71858753798346 ], [ 145.09800732915312, -41.718337020197595 ], [ 145.098041812781901, -41.718313958149587 ], [ 145.098161295901235, -41.71815889828293 ], [ 145.098195631308045, -41.718057710975849 ], [ 145.098311164535005, -41.717957444145995 ], [ 145.098346833041717, -41.717917442375189 ], [ 145.0984462217464, -41.717819637514914 ], [ 145.098469612978079, -41.717804605558129 ], [ 145.098670625395982, -41.71770519527302 ], [ 145.098692503864726, -41.717690129092333 ], [ 145.098785793008631, -41.717615684580132 ], [ 145.09880711631854, -41.717593746757068 ], [ 145.098896743031077, -41.717490609988275 ], [ 145.098922740275384, -41.717465894098993 ], [ 145.099277398742856, -41.717163513936626 ], [ 145.099573397222201, -41.716993936803973 ], [ 145.099839363225016, -41.716869353849376 ], [ 145.099869738858018, -41.716851014563616 ], [ 145.100007904240329, -41.716758479208735 ], [ 145.100036686262001, -41.716742400958445 ], [ 145.100080857322808, -41.716722587785071 ], [ 145.100102626197128, -41.716710392635697 ], [ 145.100139540667072, -41.716679002537163 ], [ 145.100178890469778, -41.716642501545657 ], [ 145.100206621462576, -41.716611527150761 ], [ 145.100448305104948, -41.716317083578168 ], [ 145.100531045332531, -41.716190928218566 ], [ 145.100576867815732, -41.716115135959377 ] ] } },
{ "type": "Feature", "properties": { "creek": "Hangmans Creek", "part": 0, "access": "dec:EL25/2020", "lead": false, "prime": false, "length_m": 1749 }, "geometry": { "type": "LineString", "coordinates": [ [ 145.100715128416141, -41.715915646748201 ], [ 145.10089767115619, -41.715692677237833 ], [ 145.101042859567343, -41.715453747434076 ], [ 145.101062785098634, -41.71542777749314 ], [ 145.10126719225002, -41.715246567645046 ], [ 145.101287542684418, -41.715231475406817 ], [ 145.101319263095462, -41.7152188863571 ], [ 145.101457802176895, -41.715185320910265 ], [ 145.101540620557842, -41.715174783089068 ], [ 145.101578467479072, -41.715185189480898 ], [ 145.10160481416807, -41.715197108649797 ], [ 145.101683045751173, -41.715257466214339 ], [ 145.101705199104373, -41.715280762713014 ], [ 145.101887274137738, -41.71553071305317 ], [ 145.101934175178741, -41.715591660391794 ], [ 145.101977233226961, -41.71565496734933 ], [ 145.102030502424952, -41.715734816773214 ], [ 145.102082271436501, -41.715766384358638 ], [ 145.102131755133939, -41.715775974592972 ], [ 145.102193585276638, -41.71576383760199 ], [ 145.102260034556537, -41.715740590228748 ], [ 145.102312439575229, -41.715704376371349 ], [ 145.102334215636034, -41.715660864864354 ], [ 145.102370108721516, -41.715635141100208 ], [ 145.102441173545316, -41.715607799950327 ], [ 145.102524444677243, -41.715597431177947 ], [ 145.102614393884977, -41.715590918759233 ], [ 145.102725320551144, -41.715601523567578 ], [ 145.10308199214316, -41.715618383298157 ], [ 145.103211063879797, -41.71560954473096 ], [ 145.103311385035767, -41.715582686369025 ], [ 145.103385638878876, -41.715546625309081 ], [ 145.103436540117769, -41.715507981252152 ], [ 145.103481913124511, -41.715458275693763 ], [ 145.103503792491551, -41.715392799294094 ], [ 145.103512596879625, -41.715380362492191 ], [ 145.103548132435691, -41.715296864127851 ], [ 145.103599128896036, -41.715089429691226 ], [ 145.103612683575307, -41.715047889883493 ], [ 145.103648661102454, -41.714997596558668 ], [ 145.103886067865773, -41.714693338605876 ], [ 145.104001818485074, -41.714586423246686 ], [ 145.104020329169856, -41.714557006923719 ], [ 145.10405436453928, -41.714517552899778 ], [ 145.104072251793212, -41.714447614938365 ], [ 145.104135012590575, -41.714393143515601 ], [ 145.104153699345119, -41.71438143743773 ], [ 145.104255828809784, -41.714337945822685 ], [ 145.104371005405596, -41.714351528154346 ], [ 145.104492897806523, -41.714378703538138 ], [ 145.104573370686325, -41.714423811860357 ], [ 145.104611331693576, -41.714473677142799 ], [ 145.104628611686337, -41.71453196468228 ], [ 145.10463643780912, -41.714563832600817 ], [ 145.104690334031233, -41.714618346795049 ], [ 145.104745366622183, -41.714634575112413 ], [ 145.104862663242017, -41.714619001265525 ], [ 145.104966697135097, -41.714590861041295 ], [ 145.105126988022846, -41.71457083530629 ], [ 145.105237273291976, -41.714543887995724 ], [ 145.105254029566964, -41.714537355353301 ], [ 145.105551238975323, -41.714382895249223 ], [ 145.105672919373831, -41.714324846296407 ], [ 145.105699201384084, -41.714314417636601 ], [ 145.105863677522734, -41.714279995402691 ], [ 145.105902733576357, -41.714276649941191 ], [ 145.106038310013986, -41.714250478354323 ], [ 145.10610749466386, -41.714248160871826 ], [ 145.106169377807163, -41.714259547113137 ], [ 145.106268845563648, -41.714325061548429 ], [ 145.106463642538046, -41.714464820983466 ], [ 145.106519019183708, -41.714515647824435 ], [ 145.106620325791596, -41.714596737195926 ], [ 145.106695063826578, -41.714641137920296 ], [ 145.106793947678113, -41.714647946153825 ], [ 145.106856996834722, -41.714619632936781 ], [ 145.106934825074205, -41.714558761120777 ], [ 145.106984803743387, -41.714504338743474 ], [ 145.107089439507689, -41.714393841575166 ], [ 145.107157798605812, -41.714341441487974 ], [ 145.107289496118113, -41.714256139958344 ], [ 145.107332074465944, -41.714236828944486 ], [ 145.107353925086926, -41.714221743174832 ], [ 145.107452693954059, -41.71413868185742 ], [ 145.107470971076879, -41.71411552978774 ], [ 145.107525876107019, -41.714018551319413 ], [ 145.107661515426656, -41.713653858637571 ], [ 145.107675479737821, -41.713622034525748 ], [ 145.107692987902709, -41.713598860811608 ], [ 145.107735645302284, -41.713552639426347 ], [ 145.107766263480414, -41.713525106276592 ], [ 145.107879761124963, -41.713434856822055 ], [ 145.107905453840402, -41.71341868989483 ], [ 145.108036593498923, -41.713375681784903 ], [ 145.108545404665705, -41.713220006483134 ], [ 145.108592600354029, -41.7132001949062 ], [ 145.108711981065454, -41.713142104650501 ], [ 145.108744712979416, -41.713120334286494 ], [ 145.108915277899087, -41.712987539265157 ], [ 145.108953888388271, -41.712948113783447 ], [ 145.109025944952208, -41.712864602871207 ], [ 145.109044686504006, -41.712825994083794 ], [ 145.109049954224758, -41.712803753534068 ], [ 145.109050418653794, -41.712613677861924 ], [ 145.109046557694711, -41.712564951802293 ], [ 145.108975370700023, -41.712370796240648 ], [ 145.108836893602302, -41.7120787493782 ], [ 145.10882103564262, -41.71204813624415 ], [ 145.108818594919967, -41.71202805606962 ], [ 145.108838980388782, -41.711960842696016 ], [ 145.108863005830983, -41.71189941713515 ], [ 145.108878022069291, -41.711882498087505 ], [ 145.108962738590492, -41.711809507400645 ], [ 145.108977487130829, -41.711801734553163 ], [ 145.108998337028538, -41.711794079729195 ], [ 145.109214161767113, -41.711729038836012 ], [ 145.109509995854836, -41.71169454882871 ], [ 145.10953980465095, -41.711693337064446 ], [ 145.109697008927299, -41.711697148723538 ], [ 145.109773231877483, -41.711701879767439 ], [ 145.109797443270992, -41.711709159069542 ], [ 145.109842803701298, -41.711749434953667 ], [ 145.109858997630909, -41.711768606560739 ], [ 145.109863991365586, -41.711780721505974 ], [ 145.109880300279542, -41.711846827248401 ], [ 145.109886084531638, -41.711882426334078 ], [ 145.109881351308417, -41.711912691509681 ], [ 145.109857814549684, -41.71200790011202 ], [ 145.109852845069526, -41.712020409319727 ], [ 145.109841649366189, -41.712037400754895 ], [ 145.109905189901127, -41.712057368937842 ], [ 145.109948412340998, -41.71206726685611 ], [ 145.110013170093254, -41.712072376085814 ], [ 145.110052129128832, -41.712071891248819 ], [ 145.110154212779406, -41.712054720104454 ], [ 145.110189642334177, -41.712045026043874 ], [ 145.110506325421284, -41.711903257617514 ], [ 145.110534901728812, -41.711892856729669 ], [ 145.110572648038698, -41.711882057508184 ], [ 145.11060104378484, -41.711877381466174 ], [ 145.110733251540125, -41.711874467070693 ], [ 145.110771268242985, -41.711880271049623 ], [ 145.11081663945302, -41.711894779318165 ], [ 145.1108376483526, -41.711907157782363 ], [ 145.110860839259942, -41.711947627343505 ], [ 145.110869361577073, -41.711968959537757 ], [ 145.110871802299727, -41.711989039060164 ], [ 145.110873908849044, -41.71206979967684 ], [ 145.110870718033141, -41.712099514209562 ], [ 145.1108402363989, -41.712147089889939 ], [ 145.110641023306556, -41.712418531319948 ], [ 145.110595734741509, -41.712501348755104 ], [ 145.110575822684922, -41.712553682613262 ], [ 145.110572232118756, -41.712570799306945 ], [ 145.110572684869652, -41.712705922786164 ], [ 145.110579719576577, -41.712725511211019 ], [ 145.110600778781787, -41.712736178856431 ], [ 145.110729635821144, -41.712768127464756 ], [ 145.110766906023969, -41.712772775277443 ], [ 145.110936381287104, -41.712775085436753 ], [ 145.110954786868973, -41.71277253252633 ], [ 145.111115773052774, -41.712727742243125 ], [ 145.11115211170258, -41.712712893505966 ], [ 145.111454701121232, -41.712507331723891 ], [ 145.111647201103438, -41.712355439115619 ], [ 145.111991095058841, -41.712198100293328 ], [ 145.11203372101744, -41.712177067928643 ], [ 145.112062592870615, -41.712156944206065 ], [ 145.112214024573063, -41.712024965315535 ], [ 145.112256744854676, -41.711976446693029 ], [ 145.112350373561753, -41.711861242312111 ], [ 145.11236745323032, -41.711827180884754 ], [ 145.112460228537884, -41.711590004401671 ], [ 145.11252517313963, -41.711363232712827 ], [ 145.112569992784159, -41.711171048438345 ], [ 145.112587159589225, -41.711108933415908 ], [ 145.112641386391317, -41.71100851827218 ], [ 145.112789245995288, -41.71074488985132 ] ] } },
{ "type": "Feature", "properties": { "creek": "Hangmans Creek", "part": 0, "access": "held:EL2/2018", "lead": false, "prime": false, "length_m": 600 }, "geometry": { "type": "LineString", "coordinates": [ [ 145.112890051632434, -41.71053348031063 ], [ 145.113124075447985, -41.709880207663019 ], [ 145.113138052335529, -41.709847815684896 ], [ 145.11320151381878, -41.709720064305465 ], [ 145.113215099040815, -41.709700257014731 ], [ 145.113330128312924, -41.709584259238845 ], [ 145.113357506267903, -41.709562975878846 ], [ 145.113449626703613, -41.70952216682538 ], [ 145.113529706121284, -41.709500623245255 ], [ 145.113559704461892, -41.709493685707976 ], [ 145.113894952132654, -41.709493642117835 ], [ 145.114527067852038, -41.709374378726757 ], [ 145.114591287513321, -41.709346836410496 ], [ 145.114624633874996, -41.709330226517068 ], [ 145.114766755437785, -41.709227281027225 ], [ 145.114784844812675, -41.709210411572812 ], [ 145.114846708193056, -41.709134744755794 ], [ 145.114883310049237, -41.709086124699809 ], [ 145.114985616482016, -41.708886326732248 ], [ 145.115011437656591, -41.708840961028073 ], [ 145.115093980254755, -41.708738730982631 ], [ 145.115185152069557, -41.708653818357931 ], [ 145.115205478249493, -41.708638129055487 ], [ 145.115292497152808, -41.708589218913083 ], [ 145.115468677441271, -41.708496585823411 ], [ 145.115999518892067, -41.708317199325442 ], [ 145.116070737327817, -41.7082857729377 ], [ 145.116087833166006, -41.708275749699965 ], [ 145.11612398227129, -41.708242585688303 ], [ 145.116141418570976, -41.708221697556255 ], [ 145.11622294697122, -41.708102274206944 ], [ 145.11623704333465, -41.708065299572787 ], [ 145.116307264640454, -41.707815717218274 ], [ 145.116324753940745, -41.707767917693147 ], [ 145.116347013295126, -41.707739092433101 ], [ 145.116434573882486, -41.707647256176188 ], [ 145.116453402570869, -41.707630966408075 ], [ 145.116473628139516, -41.707618715882731 ], [ 145.116497561055297, -41.707609957362614 ], [ 145.116617591248627, -41.707580500961903 ], [ 145.116648311834695, -41.707574718055149 ], [ 145.116668976679449, -41.707573345930868 ], [ 145.117260546040143, -41.707606252763085 ], [ 145.117314080241187, -41.707603725131619 ], [ 145.117363862179275, -41.707598830821304 ], [ 145.117387678314117, -41.707594087403997 ], [ 145.117403147303349, -41.707587478273268 ], [ 145.11742185921068, -41.707575202255427 ], [ 145.117608850723627, -41.707427785238828 ], [ 145.117643704458288, -41.707411775071627 ], [ 145.11768448258232, -41.707401581355278 ], [ 145.117755034765253, -41.707390082175834 ] ] } },
{ "type": "Feature", "properties": { "creek": "Hangmans Creek", "part": 0, "access": "dec:EL25/2020", "lead": false, "prime": false, "length_m": 275 }, "geometry": { "type": "LineString", "coordinates": [ [ 145.118045117053896, -41.707334566081073 ], [ 145.118051621343994, -41.707332211731192 ], [ 145.118070208385518, -41.707323365318203 ], [ 145.118343377080294, -41.707129308604898 ], [ 145.1183823289293, -41.707104205794508 ], [ 145.118584666362182, -41.70700457441319 ], [ 145.118669646988081, -41.706972218542177 ], [ 145.118692739080814, -41.70696631017033 ], [ 145.11872335995389, -41.706963965599442 ], [ 145.118917343054619, -41.706963241974748 ], [ 145.118953131037273, -41.706966710544705 ], [ 145.11904582010655, -41.706982007928517 ], [ 145.11909131797907, -41.706992516243247 ], [ 145.119270587573851, -41.707048787907368 ], [ 145.119319693080541, -41.707066217915731 ], [ 145.119361877966298, -41.707085246060686 ], [ 145.119581313034018, -41.70715192868925 ], [ 145.119781613986135, -41.707194242154856 ], [ 145.11983181813244, -41.707200818464599 ], [ 145.119963097928007, -41.707203030239818 ], [ 145.119989869520111, -41.707201189999935 ], [ 145.12011055368697, -41.707175181180723 ], [ 145.120135254662358, -41.707166434671727 ], [ 145.120324070653623, -41.707059698596893 ], [ 145.120554453489717, -41.706941635837886 ], [ 145.120971923137546, -41.706796823958271 ] ] } },
{ "type": "Feature", "properties": { "creek": "Hangmans Creek", "part": 0, "access": "unavailable", "lead": false, "prime": false, "length_m": 400 }, "geometry": { "type": "LineString", "coordinates": [ [ 145.121258577038901, -41.706730567935125 ], [ 145.121264976861966, -41.706729183488235 ], [ 145.121347922803693, -41.70671340049622 ], [ 145.121418923847159, -41.706714030233258 ], [ 145.121612628470217, -41.706722448857725 ], [ 145.121654401927515, -41.706730021796119 ], [ 145.121845383756977, -41.706777897875867 ], [ 145.121882663841234, -41.70678253337941 ], [ 145.122020996310141, -41.706778579922599 ], [ 145.122082371006968, -41.706769306902657 ], [ 145.122102407031093, -41.706763914909537 ], [ 145.12212261912498, -41.706751663548332 ], [ 145.122244699273807, -41.706628909045619 ], [ 145.12225276794166, -41.706614729547169 ], [ 145.122335118300384, -41.706341879387836 ], [ 145.12235392902241, -41.706300973057189 ], [ 145.12241059744548, -41.70619486528765 ], [ 145.122437725668789, -41.706156391319361 ], [ 145.122710497308162, -41.705848951508905 ], [ 145.122722519461576, -41.705830261008501 ], [ 145.122750021384064, -41.705754569422744 ], [ 145.122751363467046, -41.705584555771331 ], [ 145.122748690080755, -41.705521520572297 ], [ 145.122725120084311, -41.705442697312925 ], [ 145.122708287452554, -41.705418941870533 ], [ 145.122691771926043, -41.705384311663039 ], [ 145.122620816696724, -41.705206200128465 ], [ 145.122618210684095, -41.705191279234363 ], [ 145.122632809205783, -41.705062128986448 ], [ 145.122641368353783, -41.705031925640021 ], [ 145.122743593938139, -41.704859030909468 ], [ 145.122778228483924, -41.704774872355287 ], [ 145.122781134533852, -41.704754312394044 ], [ 145.1227847080321, -41.7046112388647 ], [ 145.12272044076002, -41.704389176151942 ], [ 145.122716570817801, -41.704365624204264 ], [ 145.12270702621791, -41.70417652825013 ], [ 145.122682604618547, -41.704100536938419 ], [ 145.1226807837335, -41.704085043032237 ], [ 145.122681814101099, -41.704051285324162 ], [ 145.122686374847831, -41.704026744678551 ], [ 145.12268773310052, -41.703982112617048 ] ] } },
{ "type": "Feature", "properties": { "creek": "Nancy Creek", "part": 0, "access": "dec:EL25/2020", "lead": true, "prime": true, "length_m": 224 }, "geometry": { "type": "LineString", "coordinates": [ [ 145.150452378311542, -41.655809244110515 ], [ 145.150442291426117, -41.655818011682996 ], [ 145.150407676643312, -41.655852931675845 ], [ 145.150370507950186, -41.655896970251334 ], [ 145.150115132186215, -41.656221926139466 ], [ 145.150088058760161, -41.656259822563392 ], [ 145.149700419545411, -41.656849371076547 ], [ 145.149659170704126, -41.656927677349941 ], [ 145.14963761383234, -41.656959961075465 ], [ 145.149525785257538, -41.657102366066113 ], [ 145.149398073570239, -41.657239930319683 ], [ 145.149219466932152, -41.657394985399996 ], [ 145.149049569328213, -41.657515168997563 ] ] } },
{ "type": "Feature", "properties": { "creek": "Nancy Creek", "part": 0, "access": "dec:EL25/2020", "lead": false, "prime": false, "length_m": 1843 }, "geometry": { "type": "LineString", "coordinates": [ [ 145.148824575101258, -41.657662122980646 ], [ 145.148352536089163, -41.65791072601283 ], [ 145.14832222513482, -41.65792911566529 ], [ 145.147885336682918, -41.658224715855916 ], [ 145.147781395316287, -41.658281961742233 ], [ 145.147427601926495, -41.658426642363771 ], [ 145.146286494479, -41.658541095471094 ], [ 145.14598199703866, -41.658593284646017 ], [ 145.145835210524638, -41.658628068904576 ], [ 145.145773671436132, -41.658644791892598 ], [ 145.145711874531059, -41.658670093482705 ], [ 145.145585618114552, -41.658732688012769 ], [ 145.145549108784763, -41.658754408330708 ], [ 145.14501433989949, -41.659107906263721 ], [ 145.144961623165358, -41.659135660697835 ], [ 145.144762670584441, -41.659230818571068 ], [ 145.144336275353368, -41.659481343139205 ], [ 145.144193135101091, -41.659547094586301 ], [ 145.144132249986058, -41.659592450763853 ], [ 145.143757099150321, -41.659660641009609 ], [ 145.143705446021499, -41.659678099295512 ], [ 145.14359131955618, -41.659718001055005 ], [ 145.143441933317746, -41.659788784436302 ], [ 145.143406096826112, -41.659813378871313 ], [ 145.143184203069524, -41.659986585279562 ], [ 145.14316707938346, -41.659997755627252 ], [ 145.143082765307554, -41.660035851169397 ], [ 145.142920539448738, -41.660102418818504 ], [ 145.142820009883621, -41.660121364884915 ], [ 145.142734930443055, -41.660134255992006 ], [ 145.142035488688094, -41.660150103432862 ], [ 145.14165494975731, -41.660194143096824 ], [ 145.141436160578365, -41.660441250555841 ], [ 145.141425820969403, -41.660455385871693 ], [ 145.141415206475955, -41.660478685445156 ], [ 145.141400157898318, -41.660522511465693 ], [ 145.141257812655056, -41.660790930593684 ], [ 145.141166586941353, -41.660933101615775 ], [ 145.14104801740865, -41.661171570921859 ], [ 145.14100610111916, -41.661221248644438 ], [ 145.140729801795715, -41.661529227253638 ], [ 145.140341790678349, -41.661974459884341 ], [ 145.140329025618172, -41.661993140310415 ], [ 145.14032239245816, -41.662010775808824 ], [ 145.14025893277153, -41.662294808811247 ], [ 145.140248107174045, -41.662324968469854 ], [ 145.140237788226386, -41.662337969197729 ], [ 145.140100467260424, -41.662464487242531 ], [ 145.140071594508896, -41.662485752633025 ], [ 145.140028916448074, -41.662509668219535 ], [ 145.139966410772303, -41.66253267713148 ], [ 145.139917915221673, -41.662546734810917 ], [ 145.139627554569046, -41.662610601346053 ], [ 145.139594690602621, -41.662612348235776 ], [ 145.139311865018584, -41.662603058110662 ], [ 145.139241022976961, -41.66259901066789 ], [ 145.138733925795719, -41.66253617158619 ], [ 145.138666182043522, -41.662530463149018 ], [ 145.138538561984348, -41.662536924568329 ], [ 145.138200597808122, -41.662585092590021 ], [ 145.138046522363908, -41.662633483382891 ], [ 145.138010177425826, -41.662648908083071 ], [ 145.137956773480511, -41.662674918800874 ], [ 145.137880572988195, -41.662721743166806 ], [ 145.13786108403815, -41.662735729667844 ], [ 145.137678651475284, -41.662889542725758 ], [ 145.137655020393424, -41.662914333280838 ], [ 145.137573592604468, -41.663009150019356 ], [ 145.137474764448513, -41.663174675141114 ], [ 145.137463705289065, -41.663187087142454 ], [ 145.137275199216532, -41.663340224667998 ], [ 145.137260483015552, -41.66334741683248 ], [ 145.137229686072658, -41.663356635713761 ], [ 145.137183580040698, -41.663367317588317 ], [ 145.137139928206153, -41.663372887033901 ], [ 145.136522426279811, -41.663352850046799 ], [ 145.136487992956688, -41.663355713624348 ], [ 145.136390130489616, -41.663387280079029 ], [ 145.136359155680339, -41.663402224092444 ], [ 145.136149782642093, -41.66356417193127 ], [ 145.136043794913263, -41.6636379730285 ], [ 145.136022079039634, -41.663649626602634 ], [ 145.135916444348737, -41.663686226797793 ], [ 145.135876403741577, -41.663698150814483 ], [ 145.135825153956318, -41.663701876733683 ], [ 145.135416165380462, -41.663700770098131 ], [ 145.135387837906364, -41.663704309452825 ], [ 145.13529629957884, -41.663728537987964 ], [ 145.135282355929007, -41.663735174442756 ], [ 145.135260473866992, -41.663752562501301 ], [ 145.135137635540104, -41.663878733495928 ], [ 145.135124051216366, -41.663899119958792 ], [ 145.135054157795679, -41.664041074066922 ], [ 145.135046622727089, -41.664063270411326 ], [ 145.135009570814873, -41.664255014295961 ], [ 145.134964128637904, -41.664472363606862 ], [ 145.134865745147977, -41.664699138909356 ], [ 145.134847918081192, -41.664733768204812 ], [ 145.134682366659177, -41.664960569429915 ], [ 145.134667352217491, -41.664978059833068 ], [ 145.134654816227709, -41.664988736069972 ], [ 145.13463386841363, -41.665000402150199 ], [ 145.134551823482099, -41.665038537010915 ], [ 145.134383466621415, -41.665028850626889 ], [ 145.134341746164694, -41.665020715781182 ], [ 145.134298633319247, -41.665007973290173 ], [ 145.134218573664526, -41.664980311311922 ], [ 145.134139348544664, -41.664950347510796 ], [ 145.134094153404419, -41.664930699571123 ], [ 145.134073939513883, -41.664917771172526 ], [ 145.134013562845269, -41.664869820984485 ], [ 145.133998005821212, -41.66485409482901 ], [ 145.133986344790486, -41.664836153424325 ], [ 145.133953531129833, -41.664760037118796 ], [ 145.133947299516706, -41.664738752346857 ], [ 145.133942405494992, -41.664698593317617 ], [ 145.13392904485184, -41.664508309024974 ], [ 145.133903656665268, -41.664363052180569 ], [ 145.133887851706135, -41.664330155435998 ], [ 145.133799243683171, -41.66418097164253 ], [ 145.133763501514608, -41.664125991232957 ], [ 145.133743498728137, -41.664106184664284 ], [ 145.133580201179171, -41.663979231622051 ], [ 145.133314918794355, -41.663843119246472 ], [ 145.133075751333109, -41.663701152622252 ], [ 145.1330293255009, -41.663671757314646 ], [ 145.132735957095207, -41.663443266347706 ] ] } },
{ "type": "Feature", "properties": { "creek": "Nancy Creek", "part": 0, "access": "unavailable", "lead": false, "prime": false, "length_m": 423 }, "geometry": { "type": "LineString", "coordinates": [ [ 145.132493497715075, -41.663313137237253 ], [ 145.132408020107675, -41.663270925635764 ], [ 145.132346110014936, -41.663248708214141 ], [ 145.132315026509474, -41.663242466315864 ], [ 145.132129085127161, -41.663234201722162 ], [ 145.132059667813508, -41.663233613167627 ], [ 145.131988403563724, -41.663243299150636 ], [ 145.131573575938603, -41.663309633968254 ], [ 145.131545286193671, -41.663311452646603 ], [ 145.131437756057494, -41.663309658798909 ], [ 145.131212973318924, -41.663298446746474 ], [ 145.131127061140063, -41.663288429919845 ], [ 145.131029093570135, -41.66327247990202 ], [ 145.130662810902976, -41.663196494625836 ], [ 145.130427302279855, -41.66316163498724 ], [ 145.130380898905514, -41.663156854066564 ], [ 145.129896254216447, -41.663133853430907 ], [ 145.129874108049819, -41.663134627881298 ], [ 145.129604003508462, -41.663159296201691 ], [ 145.129489031728497, -41.663226640440136 ], [ 145.129450061014893, -41.663253466981665 ], [ 145.129124079466237, -41.663562302256729 ], [ 145.129057423573869, -41.663621867403016 ], [ 145.128890351304022, -41.663746725321843 ], [ 145.128797779914009, -41.663805282985656 ], [ 145.12876675390072, -41.663821935506611 ], [ 145.12874978831826, -41.663827955216718 ], [ 145.128594457029237, -41.663867143717077 ], [ 145.128565348020743, -41.663870659574357 ], [ 145.128344004033067, -41.663872107122351 ], [ 145.128310483398252, -41.663870399190209 ], [ 145.128204252225999, -41.663850295248551 ], [ 145.128108015709614, -41.663828074671379 ], [ 145.127895831842892, -41.663757563496681 ], [ 145.12789571236695, -41.663757525915408 ] ] } },
{ "type": "Feature", "properties": { "creek": "Lucy Creek", "part": 0, "access": "held:EL2/2018", "lead": false, "prime": false, "length_m": 3640 }, "geometry": { "type": "LineString", "coordinates": [ [ 145.178796005385038, -41.654840927465123 ], [ 145.178790496017371, -41.654820791172249 ], [ 145.178778843969809, -41.654801719376742 ], [ 145.178721609608147, -41.65472407566638 ], [ 145.178706109177909, -41.654706069018708 ], [ 145.178686046204405, -41.654687989877608 ], [ 145.178572644679519, -41.654599700960787 ], [ 145.178548704577224, -41.654583280971451 ], [ 145.178498993605984, -41.654561282045272 ], [ 145.177801533534591, -41.654276249757523 ], [ 145.177760986277605, -41.654253828545791 ], [ 145.177552803507126, -41.6541193353425 ], [ 145.1775282857881, -41.654096601299273 ], [ 145.177477999895103, -41.654016211547813 ], [ 145.177426053915497, -41.653888267391089 ], [ 145.177409303030402, -41.653808995595568 ], [ 145.177407242295146, -41.653775178615916 ], [ 145.177414526733799, -41.653293265765477 ], [ 145.177413407432937, -41.653253745296425 ], [ 145.177401203819755, -41.653201447758043 ], [ 145.177358273332345, -41.653051904593433 ], [ 145.177237194805087, -41.652862140974086 ], [ 145.17721956267269, -41.652838380881086 ], [ 145.177198106412135, -41.652815694712743 ], [ 145.177026578498555, -41.652654897816817 ], [ 145.176994487083363, -41.652630331523788 ], [ 145.176964482454537, -41.652612661909657 ], [ 145.176781349205754, -41.652534676598812 ], [ 145.176719509181595, -41.652510196846215 ], [ 145.176519278298031, -41.652469137478846 ], [ 145.176488846969505, -41.652465781418755 ], [ 145.176270625525717, -41.652465641806664 ], [ 145.176194275014751, -41.65246725808521 ], [ 145.175760265663342, -41.652540320814531 ], [ 145.17553815181941, -41.652568749961105 ], [ 145.175487663805541, -41.652573081956476 ], [ 145.175425882171822, -41.652572073797685 ], [ 145.174516650560406, -41.652536017007776 ], [ 145.17404254400796, -41.652493348762334 ], [ 145.173783432150771, -41.652430714607654 ], [ 145.173306482430434, -41.652251169067625 ], [ 145.173258299493597, -41.652229192837424 ], [ 145.173173102373738, -41.652168259285055 ], [ 145.173129860170832, -41.652133778283115 ], [ 145.173088971554108, -41.652071279364478 ], [ 145.172946318188622, -41.651888617028455 ], [ 145.172926917273429, -41.65187397843237 ], [ 145.172890930763202, -41.651852204781441 ], [ 145.172868242014033, -41.651845539582119 ], [ 145.17282871344662, -41.651840308104909 ], [ 145.172810408476039, -41.651840008070202 ], [ 145.17277216090622, -41.651843390340453 ], [ 145.172753678069256, -41.651849391704928 ], [ 145.172725559902517, -41.651871253957623 ], [ 145.172450263098881, -41.652125511592558 ], [ 145.172424582959877, -41.652142269829753 ], [ 145.17238991337976, -41.652153715393872 ], [ 145.17224833799267, -41.652193768140002 ], [ 145.172212225718198, -41.652202335526013 ], [ 145.17217017647809, -41.652205088849001 ], [ 145.171081103943379, -41.652187822518407 ], [ 145.170748402996423, -41.652214428801571 ], [ 145.170427680185554, -41.652223472075981 ], [ 145.170252125124506, -41.652121566858476 ], [ 145.170206159229764, -41.652101929771241 ], [ 145.170076986881782, -41.65205801009111 ], [ 145.170017976550724, -41.652041011536461 ], [ 145.169977626923099, -41.652038062882497 ], [ 145.169624446184343, -41.6520351397346 ], [ 145.169586959487532, -41.652037956159077 ], [ 145.169515502099927, -41.652055101039664 ], [ 145.169473181568605, -41.652067009758426 ], [ 145.169439236030627, -41.652079618553316 ], [ 145.169266073183223, -41.652155785421769 ], [ 145.169238176900421, -41.652170210507414 ], [ 145.169164081160801, -41.652224520513109 ], [ 145.16893452926638, -41.652402239086477 ], [ 145.168867925476235, -41.652461260805552 ], [ 145.168055106450936, -41.653217925151978 ], [ 145.167820337141393, -41.65339096471768 ], [ 145.167782220725542, -41.653415521323801 ], [ 145.167321817074424, -41.653632391068051 ], [ 145.167267064757851, -41.653651531000946 ], [ 145.167226328854696, -41.653661733906425 ], [ 145.166531246623833, -41.653789438224145 ], [ 145.166506729803046, -41.653793045914604 ], [ 145.166475961606267, -41.653801120428518 ], [ 145.166249712817176, -41.65389243082727 ], [ 145.166217981626346, -41.653907371003314 ], [ 145.16619465237838, -41.653922445415269 ], [ 145.16548582053386, -41.654437480222882 ], [ 145.164951910437964, -41.654921061136406 ], [ 145.164820927984721, -41.654886274875686 ], [ 145.164782246528574, -41.654878199155448 ], [ 145.164734968195177, -41.65487685006979 ], [ 145.164580782258099, -41.654878899203389 ], [ 145.164534142626877, -41.654882135666476 ], [ 145.164505649862662, -41.65489081276958 ], [ 145.164349649328784, -41.654954664077273 ], [ 145.164092454476418, -41.655084970699598 ], [ 145.164052891772968, -41.655106656674967 ], [ 145.163757716150371, -41.655309030569917 ], [ 145.163230388908971, -41.655800714775559 ], [ 145.16320073731805, -41.655823126723469 ], [ 145.163155893419059, -41.655842999601695 ], [ 145.16284773534403, -41.656096689853868 ], [ 145.162565210695561, -41.656335352245122 ], [ 145.162531420566154, -41.656394328076459 ], [ 145.162266801137974, -41.656723738679773 ], [ 145.162241306950193, -41.656759960917285 ], [ 145.162218411588583, -41.656837439751136 ], [ 145.162213663093979, -41.656868842280737 ], [ 145.162197648827402, -41.657203489553083 ], [ 145.162194039396582, -41.657222318347742 ], [ 145.162176212329797, -41.657257519467301 ], [ 145.161953030388986, -41.657630545585143 ], [ 145.161935219491852, -41.657665169956985 ], [ 145.1619273565382, -41.657698819118359 ], [ 145.161874296647653, -41.658047167712809 ], [ 145.16181280966137, -41.658242520174298 ], [ 145.161800548556073, -41.658270370956068 ], [ 145.161746737673951, -41.658360513257229 ], [ 145.161550597718161, -41.658619477540761 ], [ 145.161500941544176, -41.658698239384265 ], [ 145.161481572968313, -41.658733982654809 ], [ 145.161203528218238, -41.659387776237786 ], [ 145.161179301553318, -41.659458351928905 ], [ 145.161103030992479, -41.659714721882168 ], [ 145.161075111353426, -41.659781248252855 ], [ 145.161064666641664, -41.65979882395483 ], [ 145.161011700175834, -41.659860924103612 ], [ 145.160642307541139, -41.660275045934739 ], [ 145.160608256900275, -41.660316849978535 ], [ 145.16055880464387, -41.66041450069369 ], [ 145.160534055159502, -41.66050339639299 ], [ 145.160434632318726, -41.660742210906768 ], [ 145.16041617732958, -41.660772826315608 ], [ 145.160319786302949, -41.660909769321606 ], [ 145.16030085251171, -41.660930640604754 ], [ 145.160260239677768, -41.660962035769529 ], [ 145.160013501215275, -41.661125140719427 ], [ 145.159976336115363, -41.661143414021083 ], [ 145.159804114702354, -41.661212709302873 ], [ 145.159767705983853, -41.661231004055551 ], [ 145.159601290382568, -41.661361646290324 ], [ 145.159563117372869, -41.66138792866019 ], [ 145.159536865006999, -41.661398369929628 ], [ 145.159403718512181, -41.66143625391198 ], [ 145.159366940586153, -41.661441357097253 ], [ 145.159199773993237, -41.661443191264091 ], [ 145.159169350749522, -41.661439830973762 ], [ 145.15878862766408, -41.661334504205549 ], [ 145.158590674908083, -41.661293459187995 ], [ 145.158541899981401, -41.661290939132186 ], [ 145.15821072706882, -41.661291188788873 ], [ 145.15817550592314, -41.66129519940224 ], [ 145.157734182488696, -41.661380649702501 ], [ 145.157690324939864, -41.661393096276726 ], [ 145.15750041839388, -41.661466679735526 ], [ 145.157471790882369, -41.661479946399446 ], [ 145.157424212511671, -41.661514651920285 ], [ 145.157299141871306, -41.661615061122092 ], [ 145.157082617345111, -41.661865107306156 ], [ 145.157041137636867, -41.661899909930916 ], [ 145.156971667322665, -41.661952574887515 ], [ 145.156947613134321, -41.661965914602661 ], [ 145.156462867833994, -41.662151421386682 ], [ 145.156421896572141, -41.662169632654923 ], [ 145.156395451966802, -41.662186374856617 ], [ 145.156240790820988, -41.662306321024403 ], [ 145.156121809859911, -41.662458362040987 ], [ 145.156100209868896, -41.662491772468073 ], [ 145.156080674206407, -41.662533249585856 ], [ 145.156067318054767, -41.662571962388462 ], [ 145.15601018879596, -41.66279944501705 ], [ 145.156000944233369, -41.662827910572688 ], [ 145.155981559487884, -41.662863662288785 ], [ 145.155899706795793, -41.662999132476621 ], [ 145.155874191048554, -41.663035920278965 ], [ 145.155753314642141, -41.663174763055238 ], [ 145.15573681798034, -41.663190521162633 ], [ 145.155666597572889, -41.663242028758859 ], [ 145.155644101063217, -41.663254241430636 ], [ 145.15547160746064, -41.663332694268952 ], [ 145.155445194296362, -41.663348283891899 ], [ 145.15540445210496, -41.663383674268204 ], [ 145.155267889317145, -41.663588094499296 ], [ 145.155261357666717, -41.663602300931636 ], [ 145.155192333815279, -41.663819271264614 ], [ 145.15513365586088, -41.664073063644068 ], [ 145.154988427923854, -41.664542967950858 ], [ 145.154973583263768, -41.664579936064321 ], [ 145.154855685670924, -41.66482415848354 ], [ 145.15484369765349, -41.664842276386416 ], [ 145.154794701741253, -41.664898717801961 ], [ 145.154497137498339, -41.665230436365917 ], [ 145.154140279955101, -41.665682511850633 ], [ 145.153679026497741, -41.66605217273699 ], [ 145.153574787788813, -41.666144328761881 ], [ 145.153557485338098, -41.666161784618915 ], [ 145.153513060952378, -41.666218308090315 ], [ 145.153499388593758, -41.666241550550957 ], [ 145.153484260964376, -41.666314009128236 ], [ 145.153447033880639, -41.666538955330765 ], [ 145.153439292199522, -41.666568597623495 ], [ 145.153431246887862, -41.666582779910932 ], [ 145.15335347164887, -41.666682818835184 ], [ 145.153328983574198, -41.666710462634342 ], [ 145.153279067787139, -41.666746849033636 ], [ 145.153196578189579, -41.666800436763431 ], [ 145.153170339298413, -41.666810318160124 ], [ 145.152979916221085, -41.666849535043127 ], [ 145.152941647091666, -41.666852909814502 ], [ 145.152836474134915, -41.666848300288791 ], [ 145.152774821858657, -41.666842715709379 ], [ 145.15254121676557, -41.666794179103988 ], [ 145.152488811746878, -41.666785302285824 ], [ 145.152469022759504, -41.66678383131616 ], [ 145.152291942359057, -41.666784892937521 ], [ 145.152259816807913, -41.666787222196469 ], [ 145.152152988255949, -41.666812362216589 ], [ 145.151818455644218, -41.666898425927343 ], [ 145.151768429364324, -41.666913058424377 ], [ 145.151705779958093, -41.666940647097647 ], [ 145.151584246883289, -41.666998171778722 ], [ 145.15156245105959, -41.667012700238736 ], [ 145.151491286522798, -41.667070476502857 ], [ 145.151463248306129, -41.667089480243369 ], [ 145.151438533856037, -41.667099367635231 ], [ 145.151380009513616, -41.66711672794289 ], [ 145.15137943099856, -41.667187708535245 ], [ 145.151375784736786, -41.667207680578443 ], [ 145.151281708668705, -41.667444861035662 ], [ 145.151270707899698, -41.66748131412546 ], [ 145.151238834775086, -41.667782487848321 ], [ 145.151231369775104, -41.667802407364952 ], [ 145.151200080555441, -41.667853980390134 ], [ 145.151181881586098, -41.667875438605613 ], [ 145.151061154300123, -41.667982782588659 ], [ 145.150942389832977, -41.668024904403509 ], [ 145.150545276985241, -41.667908839511334 ], [ 145.150212796125572, -41.66785876901465 ], [ 145.15017038117864, -41.66786418085092 ] ] } },
{ "type": "Feature", "properties": { "creek": "Lucy Creek", "part": 0, "access": "dec:EL25/2020", "lead": false, "prime": false, "length_m": 2393 }, "geometry": { "type": "LineString", "coordinates": [ [ 145.149876554640258, -41.667905520414266 ], [ 145.149661133523068, -41.66796613517014 ], [ 145.149361602868026, -41.668014963469822 ], [ 145.149130963113748, -41.668115662493996 ], [ 145.149101718459661, -41.668124333116701 ], [ 145.149003453547351, -41.668169079980267 ], [ 145.14791734635142, -41.668474565306497 ], [ 145.147556150843684, -41.668593934741367 ], [ 145.147292114422072, -41.6686522732629 ], [ 145.147109439314107, -41.668700404499688 ], [ 145.147071396560193, -41.668863315377195 ], [ 145.147208544151226, -41.669071202245505 ], [ 145.147360422316297, -41.669180956615847 ], [ 145.147390578760394, -41.669280407700874 ], [ 145.147300896352306, -41.669418654553013 ], [ 145.147270815366682, -41.669454790467732 ], [ 145.147239483027931, -41.669481755331617 ], [ 145.147208278249906, -41.669504705385194 ], [ 145.147188086817266, -41.66951639480439 ], [ 145.14695667451187, -41.669623615265337 ], [ 145.14684207732941, -41.669678968100655 ], [ 145.146820969615106, -41.669695794241932 ], [ 145.146764421566303, -41.669749237258394 ], [ 145.146722671465227, -41.669792633548312 ], [ 145.146688760063171, -41.669855051522013 ], [ 145.146468928838487, -41.670289930355452 ], [ 145.146259665394695, -41.670601327396284 ], [ 145.146041375678948, -41.670806101154469 ], [ 145.14597790161929, -41.670886911478746 ], [ 145.145870771233461, -41.671049436355695 ], [ 145.145840688451244, -41.671085580749242 ], [ 145.145558002106043, -41.671401474436927 ], [ 145.145534189564529, -41.671432577302134 ], [ 145.145419289649766, -41.671599561022461 ], [ 145.145407424701517, -41.671613672416328 ], [ 145.145132273424935, -41.671881617875641 ], [ 145.145107006510926, -41.671909815038283 ], [ 145.144996697885631, -41.672051113355799 ], [ 145.144985424927086, -41.672070962437836 ], [ 145.144949400687551, -41.67217800082723 ], [ 145.144935980755577, -41.672371282643638 ], [ 145.144930224351242, -41.672410684020306 ], [ 145.14491251496375, -41.672441308643151 ], [ 145.144833737204863, -41.672548773845449 ], [ 145.144797856695817, -41.672575087882983 ], [ 145.144714744565675, -41.672623498678675 ], [ 145.144680639127614, -41.672640691088255 ], [ 145.144649053463951, -41.672650475635301 ], [ 145.14442687494136, -41.672704601961946 ], [ 145.14434818342076, -41.672732494800698 ], [ 145.144250199681181, -41.672767506271484 ], [ 145.144227725629349, -41.672779148799172 ], [ 145.143962599551344, -41.672967103767682 ], [ 145.143928556096995, -41.672982567594175 ], [ 145.143794439421725, -41.673026713221873 ], [ 145.143736165709242, -41.673035471754822 ], [ 145.143682672830749, -41.673038012151892 ], [ 145.143140135314866, -41.673034135798467 ], [ 145.143082067316584, -41.67303660171487 ], [ 145.142888448033489, -41.673079181198069 ], [ 145.142748789651222, -41.673130107852181 ], [ 145.142612518815923, -41.673194814712176 ], [ 145.142557479936755, -41.673223097857978 ], [ 145.142288762394202, -41.673377782981113 ], [ 145.142055219284998, -41.673530767437526 ], [ 145.14201178214779, -41.673554085093308 ], [ 145.14189569825345, -41.673607698022451 ], [ 145.141847802777448, -41.673626927299388 ], [ 145.141586799068335, -41.673702153453014 ], [ 145.14143133123531, -41.673694981903978 ], [ 145.141299009394004, -41.673653275116699 ], [ 145.141255281202604, -41.67363537441063 ], [ 145.141044949661961, -41.673523090612001 ], [ 145.141020305280477, -41.673504930195548 ], [ 145.140978768978329, -41.673464737716756 ], [ 145.140965517929629, -41.673448490956879 ], [ 145.140952493256293, -41.673424800190411 ], [ 145.140873175610011, -41.673244852205812 ], [ 145.14077100751777, -41.672961480801149 ], [ 145.140638070330454, -41.672788077799851 ], [ 145.140600878281077, -41.672755970430785 ], [ 145.140542689010204, -41.672710914739987 ], [ 145.140517996119655, -41.6726944738705 ], [ 145.140460212887319, -41.672662024914921 ], [ 145.140438376639395, -41.672651926340883 ], [ 145.140264031609036, -41.672586625098099 ], [ 145.140194468768414, -41.672564856436779 ], [ 145.140150548337544, -41.672553247420488 ], [ 145.140125493425955, -41.672549391838949 ], [ 145.139942561399806, -41.672541188830195 ], [ 145.139913527849842, -41.672542421462325 ], [ 145.139673525853709, -41.672579641976469 ], [ 145.13965284663584, -41.672607353698801 ], [ 145.13936401491577, -41.672847566639909 ], [ 145.13933046733149, -41.672871629352464 ], [ 145.139152973706132, -41.672987750384081 ], [ 145.13907772452967, -41.673028286040548 ], [ 145.138963019549351, -41.673086484331137 ], [ 145.138898255508934, -41.673108294417865 ], [ 145.138090385302576, -41.673350164858668 ], [ 145.137684062028256, -41.673436122535314 ], [ 145.137651896052859, -41.673440167954851 ], [ 145.137524505962404, -41.673437472574165 ], [ 145.137506327654336, -41.673432584386624 ], [ 145.137461125327548, -41.67341293769357 ], [ 145.137356560530179, -41.673337352219868 ], [ 145.137330553404354, -41.673314008987774 ], [ 145.137321043838739, -41.673300110672031 ], [ 145.137240625756249, -41.673131589412804 ], [ 145.137150782549696, -41.673022459096032 ], [ 145.137122560178398, -41.67299680080648 ], [ 145.137048677339578, -41.672941175714627 ], [ 145.136878373829717, -41.672843295727233 ], [ 145.136779623827124, -41.67285309634746 ], [ 145.136071216885654, -41.672984964399703 ], [ 145.135492835691679, -41.673031403495933 ], [ 145.135533573391513, -41.673174062815789 ], [ 145.135538566227837, -41.673185023537904 ], [ 145.135561486742318, -41.673311929575007 ], [ 145.135561608014854, -41.673333115560389 ], [ 145.135533899479924, -41.673467773960795 ], [ 145.135527103724797, -41.673490558200058 ], [ 145.13551335680603, -41.673516094172093 ], [ 145.135480547636917, -41.67356649442273 ], [ 145.135451276033365, -41.673600929057976 ], [ 145.135344999046993, -41.673683317399252 ], [ 145.135323262512117, -41.673695546878207 ], [ 145.135190602904203, -41.673741407739158 ], [ 145.135124753698904, -41.6737740869711 ], [ 145.134887336155884, -41.673826803946199 ], [ 145.134858256791773, -41.673829177906647 ], [ 145.134701888846877, -41.673826567086913 ], [ 145.134673003518969, -41.67382264850869 ], [ 145.134655626508106, -41.67381662906206 ], [ 145.134497214895958, -41.67372925073586 ], [ 145.134446355877799, -41.673694623594933 ], [ 145.134303084471497, -41.673586316197799 ], [ 145.134212351034506, -41.673532703250842 ], [ 145.134173199759488, -41.673514874307465 ], [ 145.133984218478247, -41.673454460113412 ], [ 145.133954663905399, -41.67344709864566 ], [ 145.133704734627059, -41.673408562143393 ], [ 145.133677440215479, -41.673402381619532 ], [ 145.133665455791231, -41.673394738328383 ], [ 145.133655633611909, -41.673391705435861 ], [ 145.133455347931118, -41.67337748170474 ], [ 145.133319561287749, -41.673375213073719 ], [ 145.133243334744293, -41.673371650765894 ], [ 145.133200118592583, -41.6733623380374 ], [ 145.13304032177831, -41.673321310752208 ], [ 145.133012927653709, -41.67331855967398 ], [ 145.132896175412867, -41.673317752467376 ], [ 145.132867909922453, -41.67331899514955 ], [ 145.132629863558719, -41.673341921021283 ], [ 145.132587572671724, -41.67335208658654 ], [ 145.132562736949041, -41.673365985562057 ], [ 145.132278780386059, -41.673545015290479 ], [ 145.132259408217038, -41.673554417905464 ], [ 145.132240130370946, -41.673560968131412 ], [ 145.132061106914591, -41.673600325836361 ], [ 145.132014303790015, -41.673608697129069 ], [ 145.131992877173843, -41.673610636965968 ], [ 145.131781272720502, -41.67361682417976 ], [ 145.131759073553155, -41.673619318255447 ], [ 145.131743651276395, -41.67362421045479 ], [ 145.131725683174039, -41.673638220756111 ], [ 145.13167690914571, -41.673686063093932 ], [ 145.131668173029539, -41.673697368618136 ], [ 145.131662448964562, -41.67371044354261 ], [ 145.13165227015412, -41.673921528121539 ], [ 145.131644108959762, -41.67393912948728 ], [ 145.131599268654043, -41.673983036929286 ], [ 145.131570614193095, -41.673996873366669 ], [ 145.131398352355887, -41.674040366099256 ], [ 145.131352288544747, -41.674049325790371 ], [ 145.131331634479722, -41.674050692591045 ], [ 145.131129483896416, -41.674047314171069 ], [ 145.13109907322908, -41.674043370108741 ], [ 145.130871489543438, -41.673972001192425 ], [ 145.130841450778632, -41.673956039059526 ], [ 145.13079683684839, -41.673916935876676 ], [ 145.130776948147968, -41.673893132556522 ], [ 145.130760989576942, -41.673840192867331 ], [ 145.13076149353185, -41.673823601984687 ], [ 145.130781979611925, -41.673776993028554 ], [ 145.130787057788211, -41.673760485332345 ], [ 145.130790464199777, -41.673723325219186 ], [ 145.13078943562877, -41.673656326113679 ], [ 145.130750544865151, -41.673477614745536 ], [ 145.130739487502353, -41.673439643237977 ], [ 145.130706607366335, -41.673365812445525 ], [ 145.13069414414008, -41.673349001354431 ], [ 145.130595016845064, -41.67327005747471 ], [ 145.130580773157931, -41.673261233887125 ], [ 145.130547363015836, -41.673255520361899 ], [ 145.130432772121594, -41.673259320879481 ], [ 145.13039674159387, -41.673264444599553 ], [ 145.130370529652225, -41.673273168879398 ], [ 145.1303463838357, -41.673289366029884 ], [ 145.130210086050909, -41.673405584943993 ], [ 145.130184325063482, -41.673424052703531 ], [ 145.130115114362411, -41.673466968769006 ], [ 145.130081901849735, -41.673480154454168 ], [ 145.129835816462474, -41.673541293966835 ], [ 145.129805946580973, -41.673544806611865 ], [ 145.129645139173192, -41.673546621344762 ] ] } },
{ "type": "Feature", "properties": { "creek": "Lucy Creek", "part": 0, "access": "dec:EL25/2020", "lead": false, "prime": false, "length_m": 199 }, "geometry": { "type": "LineString", "coordinates": [ [ 145.12673308938173, -41.672904459401359 ], [ 145.126716328603464, -41.672866667983008 ], [ 145.126696553090824, -41.672839416007115 ], [ 145.12657483945469, -41.672725164116414 ], [ 145.126549687524999, -41.672698985682466 ], [ 145.126432217530237, -41.67254530006425 ], [ 145.126414495566308, -41.672525538358855 ], [ 145.126177362789235, -41.672316599773467 ], [ 145.126155951444417, -41.672292770363299 ], [ 145.126105311615248, -41.672225511431407 ], [ 145.126087801653711, -41.672198881877996 ], [ 145.125971804896011, -41.671996556363233 ], [ 145.125818718496845, -41.671734074755939 ], [ 145.125778961757305, -41.671685888751277 ], [ 145.125748537615266, -41.671631560264359 ], [ 145.125738290532865, -41.671617072436426 ], [ 145.125720485923921, -41.671600173656984 ], [ 145.125626381109726, -41.671481804909902 ], [ 145.125562492926719, -41.671424056761204 ], [ 145.125507787662599, -41.671376796385346 ] ] } },
{ "type": "Feature", "properties": { "creek": "Lucy Creek", "part": 0, "access": "unavailable", "lead": false, "prime": false, "length_m": 474 }, "geometry": { "type": "LineString", "coordinates": [ [ 145.12530005728388, -41.671217784675271 ], [ 145.125299337752438, -41.671217547035759 ], [ 145.125091751463287, -41.67116710938204 ], [ 145.125026275957168, -41.671161996902335 ], [ 145.124754045103572, -41.671153996363977 ], [ 145.124207109436128, -41.671221516769847 ], [ 145.124150605404736, -41.671222287096889 ], [ 145.124012592736108, -41.671218250261155 ], [ 145.123976841584408, -41.671214217451286 ], [ 145.123957924861145, -41.671208747323419 ], [ 145.123945904504296, -41.671202814193556 ], [ 145.123882530157658, -41.671153080425384 ], [ 145.123848854114271, -41.671106146775983 ], [ 145.12380452405165, -41.67103269444555 ], [ 145.123730075274125, -41.670844807640954 ], [ 145.12371143613035, -41.670804990614897 ], [ 145.123632254129632, -41.670672561819302 ], [ 145.123610860751114, -41.670648155392151 ], [ 145.123480353506608, -41.670547491867389 ], [ 145.122933788843341, -41.670224575047449 ], [ 145.122770676347301, -41.670091872620311 ], [ 145.122692579511522, -41.670024722108593 ], [ 145.122673450785896, -41.670000929427637 ], [ 145.122628193661825, -41.669932604518571 ], [ 145.122548992796453, -41.669776134895777 ], [ 145.122529269386121, -41.669747180545556 ], [ 145.122300801758172, -41.669554992687772 ], [ 145.122280817836355, -41.669534617410193 ], [ 145.122248473096278, -41.669493991648153 ], [ 145.122223195402483, -41.669446617932245 ], [ 145.122181933984876, -41.669347456320516 ], [ 145.122130870150869, -41.669143360368231 ], [ 145.122115833251314, -41.669085859077157 ], [ 145.122111652491952, -41.668997057764287 ], [ 145.122108627864378, -41.668820109036638 ], [ 145.122120056231466, -41.668719539283451 ], [ 145.122128614481142, -41.668688767944737 ], [ 145.12214519827964, -41.668645546053014 ], [ 145.12224202139592, -41.668472553512963 ] ] } },
{ "type": "Feature", "properties": { "creek": "Donnelly Creek", "part": 0, "access": "held:EL2/2018", "lead": false, "prime": false, "length_m": 1215 }, "geometry": { "type": "LineString", "coordinates": [ [ 145.16181533172076, -41.59112172003254 ], [ 145.161818204942961, -41.591154770422463 ], [ 145.161798990877372, -41.59157776209274 ], [ 145.161802032572922, -41.59160417370191 ], [ 145.161842118095819, -41.59182308422082 ], [ 145.161854347760084, -41.591873690817444 ], [ 145.161896870412363, -41.591956881727953 ], [ 145.16191582845812, -41.591986411872007 ], [ 145.161966444032856, -41.59205370889277 ], [ 145.161999787699585, -41.592085757052011 ], [ 145.162194049278014, -41.592243653562683 ], [ 145.162234637857551, -41.592262657874954 ], [ 145.162414945006418, -41.592376207298152 ], [ 145.162448784543159, -41.592391663596928 ], [ 145.162561831233489, -41.592434208373696 ], [ 145.162796471185686, -41.592513714883083 ], [ 145.162816168544879, -41.59251804688391 ], [ 145.162879960608194, -41.592524830414959 ], [ 145.163238842954058, -41.592550849956261 ], [ 145.163394132920644, -41.592582062776962 ], [ 145.163412262719731, -41.59258752278518 ], [ 145.163428776449564, -41.592595802486699 ], [ 145.163661915316936, -41.592805322787989 ], [ 145.163701904720142, -41.592845510502286 ], [ 145.163719954569132, -41.592879601311303 ], [ 145.163893417453863, -41.593280020341894 ], [ 145.164065010944483, -41.593797262986008 ], [ 145.164069739676137, -41.593817963865327 ], [ 145.16407013493486, -41.593856915467768 ], [ 145.164061648550359, -41.593990827671625 ], [ 145.164055716974531, -41.594037117465739 ], [ 145.164044167334964, -41.594067861980882 ], [ 145.163966648115832, -41.594191448563024 ], [ 145.163646481362008, -41.594640381257619 ], [ 145.163531216731315, -41.594856142774304 ], [ 145.163491017122311, -41.595006129330827 ], [ 145.163477533409889, -41.595155408124036 ], [ 145.163484648965294, -41.59540757512579 ], [ 145.163466023296166, -41.595810518557961 ], [ 145.163470588534466, -41.595836963368924 ], [ 145.163477672648781, -41.595855405668964 ], [ 145.163553266778251, -41.596006737534282 ], [ 145.163570691399798, -41.596036234251024 ], [ 145.163586158592381, -41.596054818915604 ], [ 145.163657534233295, -41.596115007421886 ], [ 145.163708219876582, -41.596154222326767 ], [ 145.163747929903707, -41.596177220671997 ], [ 145.163913790346157, -41.596264182209076 ], [ 145.163929500982221, -41.596274178552733 ], [ 145.163952506836608, -41.596295180946328 ], [ 145.164002713677831, -41.596350437570969 ], [ 145.164009220175416, -41.596362574244367 ], [ 145.164013355120659, -41.596377537833789 ], [ 145.164020576677245, -41.596573558922358 ], [ 145.164018586908895, -41.59658957717938 ], [ 145.163998223898034, -41.596634483902363 ], [ 145.163883878243865, -41.596845675275055 ], [ 145.16387238519809, -41.596873547889551 ], [ 145.163869173720997, -41.596905569471303 ], [ 145.163870788891842, -41.596980639347215 ], [ 145.163874109065119, -41.597023078315544 ], [ 145.163885291293781, -41.597058212221974 ], [ 145.163936988440071, -41.597192536307851 ], [ 145.163948544367884, -41.597214489653602 ], [ 145.164089422662357, -41.597426471163175 ], [ 145.164190765202761, -41.597557607539983 ], [ 145.164359921564085, -41.597870888488337 ], [ 145.164366891592351, -41.597893354843585 ], [ 145.164387759456389, -41.598039759135204 ], [ 145.164369389807149, -41.598251394656288 ], [ 145.164350303302285, -41.598331267507682 ], [ 145.164336136870247, -41.598451326499543 ], [ 145.164248958965203, -41.598879492696341 ], [ 145.164257711250997, -41.599076114807907 ], [ 145.164268773105448, -41.599114668909536 ], [ 145.164318388855207, -41.599242096393041 ], [ 145.16433353624754, -41.59927156543224 ], [ 145.164579390767756, -41.599646812849365 ], [ 145.164668795596413, -41.599847064158027 ], [ 145.164672171465241, -41.599862582484974 ], [ 145.164669761285353, -41.599997158689362 ], [ 145.164665284081963, -41.600072122862073 ], [ 145.164661706990501, -41.600090393997256 ], [ 145.164562635391093, -41.600430149243849 ], [ 145.164533917149754, -41.60050013253516 ], [ 145.164384472520737, -41.600738235034683 ] ] } },
{ "type": "Feature", "properties": { "creek": "Timbs Creek", "part": 0, "access": "held:EL30/2003", "lead": true, "prime": false, "length_m": 774 }, "geometry": { "type": "LineString", "coordinates": [ [ 145.190309441090363, -41.588169642673037 ], [ 145.190229149670245, -41.588179790099865 ], [ 145.189657362110495, -41.58829874459088 ], [ 145.188772938373887, -41.588373626944311 ], [ 145.186938585750255, -41.588628283540238 ], [ 145.186786438090621, -41.588673322114872 ], [ 145.186734857725241, -41.588691953915117 ], [ 145.186606792101742, -41.588747144486071 ], [ 145.186431176853546, -41.588839350608758 ], [ 145.186401077003353, -41.588852601990453 ], [ 145.186374163477439, -41.588861327623725 ], [ 145.185543499419083, -41.589079709274337 ], [ 145.184957269644428, -41.589196692181766 ], [ 145.184919678743029, -41.589205808125477 ], [ 145.184232977793755, -41.589424823526564 ], [ 145.183856143515214, -41.589572146657204 ], [ 145.183753186702205, -41.58960196209177 ], [ 145.183689674015028, -41.589611802922271 ], [ 145.183633184356694, -41.589615458548238 ], [ 145.183186157518463, -41.589608123108931 ], [ 145.182977442047076, -41.589606408505304 ], [ 145.182943025791872, -41.589610998697978 ], [ 145.182736223732007, -41.589648853665977 ], [ 145.182696245108673, -41.589661371875664 ], [ 145.182417745810966, -41.589780522508761 ], [ 145.18234109705935, -41.589822804291877 ], [ 145.182312325817463, -41.589842947454784 ], [ 145.182071509947605, -41.590029172481927 ], [ 145.182028541730972, -41.590065700277549 ], [ 145.182016696545588, -41.590080391879027 ], [ 145.181891280952158, -41.590281123015586 ], [ 145.181856096291568, -41.590386654979483 ] ] } },
{ "type": "Feature", "properties": { "creek": "Timbs Creek", "part": 0, "access": "held:EL30/2003", "lead": false, "prime": false, "length_m": 699 }, "geometry": { "type": "LineString", "coordinates": [ [ 145.181783393629757, -41.590604716277333 ], [ 145.181689379202169, -41.590886696805562 ], [ 145.181679751058965, -41.590903161912514 ], [ 145.181647294927757, -41.590945583377568 ], [ 145.181317055364673, -41.591299314197016 ], [ 145.181273953299069, -41.591340999727592 ], [ 145.181122744378825, -41.591458234511194 ], [ 145.180771293795289, -41.591675860285349 ], [ 145.18071526497269, -41.591715611331907 ], [ 145.180550901123468, -41.591840644865506 ], [ 145.180474220032494, -41.591883491662948 ], [ 145.180048983628126, -41.59207068362938 ], [ 145.180020371388053, -41.59208511006932 ], [ 145.180002525456558, -41.592096833018992 ], [ 145.179419247546008, -41.592689282957181 ], [ 145.179345164382852, -41.592747635120546 ], [ 145.178921460504341, -41.593066021814941 ], [ 145.178890364422472, -41.593087280547984 ], [ 145.17887103088097, -41.593097278055481 ], [ 145.178375928903677, -41.593249517981661 ], [ 145.178228722876383, -41.593307242151113 ], [ 145.178113581314818, -41.59336262763734 ], [ 145.178091120737776, -41.593375430653502 ], [ 145.177974637991497, -41.593477197645335 ], [ 145.177927594118415, -41.593522818669221 ], [ 145.177675371441126, -41.593838875018456 ], [ 145.177401809284277, -41.594076666184009 ], [ 145.177342743257753, -41.594142712785128 ], [ 145.177320606972501, -41.594170417940312 ], [ 145.177267154518177, -41.594253170552648 ], [ 145.177255852813573, -41.594275328459076 ], [ 145.177243183873088, -41.59431750383829 ], [ 145.177230985649828, -41.594344222690587 ], [ 145.177072968398136, -41.594617143198839 ], [ 145.176981170457566, -41.59473478385403 ], [ 145.176959194970777, -41.59475676289285 ], [ 145.176924118453883, -41.594784253476199 ], [ 145.176742796208714, -41.594915307886041 ], [ 145.17627099212919, -41.595098768325734 ] ] } },
{ "type": "Feature", "properties": { "creek": "Timbs Creek", "part": 0, "access": "held:EL2/2018", "lead": false, "prime": false, "length_m": 1772 }, "geometry": { "type": "LineString", "coordinates": [ [ 145.17602919550194, -41.595227699341997 ], [ 145.175937108010146, -41.595292687420248 ], [ 145.17577582807732, -41.595414907218853 ], [ 145.175521109880236, -41.595527564314317 ], [ 145.175483740862688, -41.595528664730899 ], [ 145.174715307595591, -41.595620248481993 ], [ 145.174684624738774, -41.595627182171143 ], [ 145.174531620086299, -41.595674496635667 ], [ 145.174513117486413, -41.595682209610949 ], [ 145.174499138802247, -41.595691147954525 ], [ 145.174413108045798, -41.595793403726368 ], [ 145.174399563247988, -41.59581380501357 ], [ 145.174388151050607, -41.595839391932351 ], [ 145.174329857575231, -41.596010279263872 ], [ 145.174319233200322, -41.596034734794031 ], [ 145.174306504072746, -41.596053428962385 ], [ 145.174247255688186, -41.596125775685458 ], [ 145.17423709214907, -41.596134765024289 ], [ 145.174219300116505, -41.59614363343816 ], [ 145.174183339657418, -41.596148772025423 ], [ 145.174123890948493, -41.596149521080775 ], [ 145.174100309273967, -41.596147975272338 ], [ 145.17407380627813, -41.596142384564573 ], [ 145.173896503993888, -41.596081608931271 ], [ 145.173866251430098, -41.59607366221757 ], [ 145.173847283502852, -41.596071054964327 ], [ 145.173688086763178, -41.596069002617291 ], [ 145.173658235746274, -41.59607366221757 ], [ 145.173613472695649, -41.596093549489879 ], [ 145.173477580949395, -41.59618066498151 ], [ 145.173471630508942, -41.596202330470128 ], [ 145.173391112713375, -41.59632473127499 ], [ 145.173367879585186, -41.596364451243247 ], [ 145.173206334649336, -41.596809726369642 ], [ 145.173189333134303, -41.596922860017102 ], [ 145.17318664267998, -41.596962915512286 ], [ 145.173217212349073, -41.597353510542099 ], [ 145.17322711358014, -41.597484851289686 ], [ 145.173256400455074, -41.597630821192531 ], [ 145.173252465834111, -41.597792861794368 ], [ 145.173247084925549, -41.597820273829718 ], [ 145.173213408882162, -41.59790391590213 ], [ 145.173198274964591, -41.597926579749192 ], [ 145.173174608848484, -41.597954835483144 ], [ 145.173080054876579, -41.59803575331776 ], [ 145.173066844251991, -41.598044703427426 ], [ 145.173050655712302, -41.598050742046858 ], [ 145.172994780501568, -41.598059553768039 ], [ 145.172802858136123, -41.598082163146401 ], [ 145.172611691253792, -41.598131137789764 ], [ 145.172567985520175, -41.598140728762246 ], [ 145.172510045980999, -41.598141482496949 ], [ 145.17244764540817, -41.598138734253887 ], [ 145.172355775602341, -41.598101138196789 ], [ 145.172222268883104, -41.598027906939713 ], [ 145.172187074686946, -41.59800669417131 ], [ 145.171849560566699, -41.597742778454069 ], [ 145.171823364794676, -41.597726311732799 ], [ 145.171766305604507, -41.59769672644142 ], [ 145.171742853287356, -41.597690616579918 ], [ 145.171616817856375, -41.597675353679897 ], [ 145.171597776267305, -41.597674474316399 ], [ 145.171580985856281, -41.597675909244153 ], [ 145.171551852593353, -41.597682299912137 ], [ 145.171435811818156, -41.597715904483351 ], [ 145.171411090181579, -41.597727526314884 ], [ 145.171366059432984, -41.597755991731887 ], [ 145.171216045272104, -41.597831413975477 ], [ 145.170975467455918, -41.597928830212282 ], [ 145.170899233725947, -41.597956213303377 ], [ 145.170857135976775, -41.597962388974139 ], [ 145.17046368286546, -41.597997701734279 ], [ 145.170407056663237, -41.598005914907453 ], [ 145.170354808849652, -41.598020529462516 ], [ 145.170334014647523, -41.598028205881377 ], [ 145.170174366055221, -41.598120081668021 ], [ 145.170155817641216, -41.59812893704531 ], [ 145.170125068309034, -41.598138165929868 ], [ 145.169747006033532, -41.598194364823691 ], [ 145.169689001815613, -41.598197412676988 ], [ 145.169532009541598, -41.598198254413816 ], [ 145.169499946872463, -41.598200013126537 ], [ 145.169358132533546, -41.59822974664992 ], [ 145.169340449197165, -41.598235184011777 ], [ 145.169325734792835, -41.598242956469186 ], [ 145.169296075117074, -41.598267099449046 ], [ 145.169219341923792, -41.598338003403526 ], [ 145.169200425200586, -41.59835946260467 ], [ 145.16897060111657, -41.598663255579083 ], [ 145.168951860463125, -41.598704766395713 ], [ 145.168919561537081, -41.598949964702079 ], [ 145.168873668405837, -41.599061475636439 ], [ 145.168857029810198, -41.599082970872466 ], [ 145.168568586162309, -41.599384657817197 ], [ 145.168482570677241, -41.599459988812768 ], [ 145.168469342086382, -41.599469505021972 ], [ 145.168453099647735, -41.599477830192406 ], [ 145.168251040692525, -41.599560398654532 ], [ 145.168231658641957, -41.599571546561059 ], [ 145.168194971445786, -41.599601882023592 ], [ 145.168171420313939, -41.599625536795656 ], [ 145.167908799637303, -41.59992993981345 ], [ 145.167706862852981, -41.600086986171299 ], [ 145.167672038762703, -41.60010530902759 ], [ 145.167479673527765, -41.600169144082479 ], [ 145.167408296988526, -41.600186298730875 ], [ 145.167163004813688, -41.60023608594576 ], [ 145.16685628853466, -41.600327809459635 ], [ 145.166806540732523, -41.600334995894677 ], [ 145.166467280287378, -41.600366619423738 ], [ 145.16645191819768, -41.600370950225738 ], [ 145.166404108061641, -41.600390209427047 ], [ 145.166373918379918, -41.600406318095359 ], [ 145.166358943464104, -41.600423255032432 ], [ 145.166301540219166, -41.600510515152507 ], [ 145.166293299973063, -41.600531576625293 ], [ 145.166289850442354, -41.600571619132722 ], [ 145.166279809074126, -41.600837230197897 ], [ 145.166291693785325, -41.601005260115329 ], [ 145.166288567648195, -41.60103385171869 ], [ 145.166278707739536, -41.601058318780254 ], [ 145.166265942679388, -41.601078155479037 ], [ 145.166195759102834, -41.601159483193328 ], [ 145.166160778705716, -41.601156610133941 ], [ 145.166115659922241, -41.601162159430821 ], [ 145.166079826125554, -41.601162712949858 ], [ 145.166057782366778, -41.601160631879623 ], [ 145.166036603685654, -41.601155124230857 ], [ 145.165952365966518, -41.601117068440907 ], [ 145.165899040174622, -41.601090413521327 ], [ 145.165846724987404, -41.601055172986925 ], [ 145.165818408293035, -41.601033509799116 ], [ 145.165800661176291, -41.601014888950296 ], [ 145.165613874479305, -41.60078209161226 ], [ 145.165602313161571, -41.600760705765758 ], [ 145.165565011517742, -41.600654685978625 ], [ 145.165547246434642, -41.600610864245567 ], [ 145.165513309879827, -41.600546149631512 ], [ 145.16550162279799, -41.600528768698013 ], [ 145.165491167306357, -41.600521720665682 ], [ 145.165478355533821, -41.600516923005401 ], [ 145.165429873457953, -41.600506962250066 ], [ 145.165406323224431, -41.600504280611347 ], [ 145.165377317522228, -41.600506086955669 ], [ 145.165359633287608, -41.600511515392952 ], [ 145.165344113094392, -41.600521003905214 ], [ 145.165233947301203, -41.600640043806486 ], [ 145.165203415361333, -41.600668179452384 ], [ 145.165177952614584, -41.600679211626321 ], [ 145.165060360448933, -41.600713919667484 ], [ 145.165029656930898, -41.600721436560981 ], [ 145.165009779010234, -41.600723397401971 ], [ 145.1649785436895, -41.600723448455042 ], [ 145.164573598430792, -41.600707579009267 ], [ 145.164543776160031, -41.6007110929391 ], [ 145.164384472520737, -41.600738235034683 ], [ 145.164107475206265, -41.600829867148576 ], [ 145.164074433373514, -41.600839048624415 ], [ 145.164043039050966, -41.600844266776036 ], [ 145.163962809614588, -41.600851532420009 ], [ 145.163747840970501, -41.600853690751379 ], [ 145.163714920410257, -41.600859451675426 ], [ 145.163637989587642, -41.600884522033923 ], [ 145.163625564090637, -41.600892348583919 ], [ 145.163606787504591, -41.600909206798761 ], [ 145.163539139872086, -41.600981404324571 ], [ 145.163530898727714, -41.601002465643631 ], [ 145.163531761110335, -41.601051170043604 ], [ 145.163559099539413, -41.601394168785653 ], [ 145.163556853751203, -41.601418766700604 ], [ 145.163552699043009, -41.601430724408843 ], [ 145.163518784047739, -41.601496030613056 ], [ 145.163435518305789, -41.601581146425637 ], [ 145.163416016779252, -41.601596867201636 ], [ 145.16307499383953, -41.601766481119419 ], [ 145.163024885812973, -41.601786269235227 ], [ 145.162861676298917, -41.60184313198932 ], [ 145.162871453562474, -41.601873650440517 ], [ 145.162874012862716, -41.60189088457274 ], [ 145.162849894893924, -41.601985565411269 ], [ 145.162848336316955, -41.602013038137343 ], [ 145.162849887707409, -41.602038263890741 ], [ 145.162921741252035, -41.602343624168185 ], [ 145.162928501074532, -41.602399303508477 ], [ 145.16294067293444, -41.602539270249288 ] ] } },
{ "type": "Feature", "properties": { "creek": "Timbs Creek", "part": 0, "access": "held:EL2/2018", "lead": false, "prime": false, "length_m": 1423 }, "geometry": { "type": "LineString", "coordinates": [ [ 145.162714426277716, -41.602901480147942 ], [ 145.162131502279777, -41.603125572955825 ], [ 145.162028505940839, -41.603182289437065 ], [ 145.161902439068854, -41.603271853871433 ], [ 145.161690658545666, -41.603347383861639 ], [ 145.161597867068423, -41.603393382806253 ], [ 145.161490934311928, -41.603427699116644 ], [ 145.161460311642202, -41.603432343407732 ], [ 145.161384148879165, -41.603431070493166 ], [ 145.16135681134844, -41.60342775151102 ], [ 145.161318941969341, -41.603419678746256 ], [ 145.16130160448435, -41.603413664139509 ], [ 145.161285097042679, -41.603404222401494 ], [ 145.161250066339875, -41.603377299065627 ], [ 145.161230841494444, -41.603357500690109 ], [ 145.161063461102515, -41.603113568540834 ], [ 145.161043553537468, -41.603090327487301 ], [ 145.161011711853945, -41.603058861805295 ], [ 145.160928040073429, -41.603001339142942 ], [ 145.160900577676898, -41.602976257515742 ], [ 145.160888891493329, -41.602958876565033 ], [ 145.160880284734588, -41.602940400693306 ], [ 145.160852842999333, -41.602862621279215 ], [ 145.160837371315182, -41.602844602827261 ], [ 145.160800834137575, -41.602817079403778 ], [ 145.160788055602666, -41.602811128555146 ], [ 145.160770645354177, -41.602806841579302 ], [ 145.160577682739529, -41.602786442502669 ], [ 145.16052976031412, -41.60278335187536 ], [ 145.160489981116712, -41.602788425447955 ], [ 145.160375803447437, -41.602810006767406 ], [ 145.160319552740987, -41.602831416116985 ], [ 145.160277368753526, -41.60284045019938 ], [ 145.160264194061568, -41.602926154015869 ], [ 145.160271659061635, -41.602983556506047 ], [ 145.160275151711431, -41.602994501631294 ], [ 145.160281707616377, -41.603004919448864 ], [ 145.160317700414879, -41.603024994684056 ], [ 145.16045239470688, -41.603083371089546 ], [ 145.160483959709353, -41.60309879123794 ], [ 145.160501770606487, -41.603115126273508 ], [ 145.160509561694965, -41.603135300218142 ], [ 145.160507587197941, -41.603150733116941 ], [ 145.160492208040324, -41.603181416194104 ], [ 145.160413374585886, -41.603271185505626 ], [ 145.160400640068445, -41.603289868845465 ], [ 145.160393807482393, -41.603314960426637 ], [ 145.160389472212785, -41.60335899661834 ], [ 145.160390239374067, -41.603384786093073 ], [ 145.160397518422798, -41.603396359211352 ], [ 145.160410886252549, -41.603408615469867 ], [ 145.160549804423027, -41.603505436202838 ], [ 145.160562388921875, -41.603518247282885 ], [ 145.160571109766636, -41.60353270743709 ], [ 145.160580151309944, -41.603562070400194 ], [ 145.160583525382179, -41.60362914308795 ], [ 145.160580909488033, -41.603640558308079 ], [ 145.16057375620349, -41.603650746964675 ], [ 145.160561281299124, -41.603660284050939 ], [ 145.160525767302687, -41.603675729586847 ], [ 145.160294998190977, -41.603749223122755 ], [ 145.160279525608587, -41.603756991557461 ], [ 145.160193718532611, -41.603824870776684 ], [ 145.160176417878603, -41.603842913808499 ], [ 145.160169938330398, -41.60385598679165 ], [ 145.160167005331033, -41.603877700082499 ], [ 145.160158496488663, -41.604143343216258 ], [ 145.160155701829808, -41.604161050973133 ], [ 145.160140882322565, -41.604198615287885 ], [ 145.160078380240066, -41.604329320097882 ], [ 145.16006231027788, -41.604357695280228 ], [ 145.160045776785125, -41.604375750253872 ], [ 145.159911288207326, -41.604466311867363 ], [ 145.159894324421487, -41.604472903376525 ], [ 145.159839084319685, -41.604485727698638 ], [ 145.159662801623284, -41.604520039397876 ], [ 145.159613963814593, -41.604522085430766 ], [ 145.159541635061117, -41.604519738471176 ], [ 145.159160639786222, -41.604466441507753 ], [ 145.159066967959944, -41.60446431016571 ], [ 145.159036328222271, -41.60446952063532 ], [ 145.158937728238328, -41.6045056889539 ], [ 145.158919082806307, -41.60451740494571 ], [ 145.158865838761074, -41.604566359256033 ], [ 145.158848424021016, -41.604588408163181 ], [ 145.158773390440246, -41.604756712445699 ], [ 145.158693856299976, -41.604896303487521 ], [ 145.1586739379552, -41.604925760540816 ], [ 145.158451082102914, -41.6051975797117 ], [ 145.158325179622523, -41.605307182960431 ], [ 145.158297693869741, -41.605334789284626 ], [ 145.158281411006953, -41.605370609176241 ], [ 145.158235648131409, -41.605501590368128 ], [ 145.158220904980993, -41.605536858700802 ], [ 145.158207401505621, -41.605555538026088 ], [ 145.158142789280532, -41.605627781402525 ], [ 145.158118618311136, -41.605646857675993 ], [ 145.158092221316508, -41.605663601803187 ], [ 145.157452086336633, -41.605662689635302 ], [ 145.157415462022527, -41.605664372242536 ], [ 145.157226416062571, -41.605691585469842 ], [ 145.157134185134026, -41.605692340459747 ], [ 145.156876768397751, -41.605686915145121 ], [ 145.156787289008918, -41.605671105357843 ], [ 145.156737374120155, -41.605658244999518 ], [ 145.156570378207135, -41.605583296719971 ], [ 145.156541696796751, -41.605573640355274 ], [ 145.156509817383949, -41.605569670605604 ], [ 145.156319446408986, -41.605564212367305 ], [ 145.156264448852312, -41.605568454827733 ], [ 145.156050144063215, -41.605599836666819 ], [ 145.156017174993906, -41.605606728981812 ], [ 145.155974810445144, -41.605622063221318 ], [ 145.155807362679582, -41.605693168664828 ], [ 145.155728932568735, -41.605717065702436 ], [ 145.155697475364121, -41.605723982186063 ], [ 145.155634088441104, -41.605728657210008 ], [ 145.155277740242582, -41.605743924250653 ], [ 145.155253269235914, -41.605746953611551 ], [ 145.155191906217198, -41.605760244510911 ], [ 145.15511981372066, -41.605775659317729 ], [ 145.154867637755814, -41.605876854621926 ], [ 145.15451727862532, -41.606052021614865 ], [ 145.154343642365745, -41.60604798069491 ], [ 145.154301794348214, -41.606045561919366 ], [ 145.154283596277168, -41.606042396218321 ], [ 145.154267786826523, -41.606035828378872 ], [ 145.154188556316768, -41.605982956508079 ], [ 145.154170717571901, -41.605967196498895 ], [ 145.154132645173519, -41.605914436073533 ], [ 145.154024133178723, -41.60574252040044 ], [ 145.15400913580504, -41.605707891637692 ], [ 145.153857944851154, -41.605302673144941 ], [ 145.153836114891476, -41.605267376472717 ], [ 145.153808780953995, -41.605238278265304 ], [ 145.153659568090319, -41.60510289686912 ], [ 145.153638694836417, -41.605087087610464 ], [ 145.153535931161173, -41.605030955172673 ], [ 145.153499462255581, -41.605001133430875 ], [ 145.15334491699241, -41.604892019337036 ], [ 145.153306956883455, -41.604861030102775 ], [ 145.153287847920751, -41.6048372241004 ], [ 145.153240355788313, -41.604767694885915 ], [ 145.153195578364659, -41.604683311409843 ], [ 145.15317916883933, -41.604645237549313 ], [ 145.153151213267648, -41.604558846168956 ], [ 145.153112732135867, -41.604233985761631 ], [ 145.153107107783853, -41.604217863271096 ], [ 145.153017427172415, -41.604027911521655 ], [ 145.15300495945462, -41.604011093752845 ], [ 145.152972398220498, -41.603978470479667 ], [ 145.152948609933418, -41.603958030126932 ], [ 145.152902234406952, -41.603928039959818 ], [ 145.152884967888866, -41.603919161196451 ], [ 145.152870633471849, -41.603914336920063 ], [ 145.152760481153422, -41.603902767253246 ], [ 145.152728398721365, -41.603905098114062 ], [ 145.152643930135156, -41.603926599125622 ], [ 145.152616907913142, -41.603938747136908 ], [ 145.15254229025237, -41.603988481077927 ], [ 145.152524280827549, -41.604004799767061 ], [ 145.152491161739619, -41.60404261808155 ], [ 145.152327800410262, -41.604259854820612 ], [ 145.152178550715689, -41.604411452456532 ], [ 145.152141020899762, -41.604444047970595 ], [ 145.152074591552775, -41.604495373930419 ] ] } },
{ "type": "Feature", "properties": { "creek": "Timbs Creek", "part": 0, "access": "dec:EL25/2020", "lead": false, "prime": false, "length_m": 3645 }, "geometry": { "type": "LineString", "coordinates": [ [ 145.151855075309953, -41.604647658931782 ], [ 145.151849151077442, -41.604651121057785 ], [ 145.151756983030992, -41.604727483696415 ], [ 145.151730822293302, -41.60476199140605 ], [ 145.151664513150564, -41.604865709219489 ], [ 145.151654001065111, -41.60488672359466 ], [ 145.1516107166415, -41.605037223533522 ], [ 145.151600882784095, -41.605060545833929 ], [ 145.15157173963965, -41.605092708441788 ], [ 145.151445454476971, -41.605214898262588 ], [ 145.151413489724234, -41.605239584729439 ], [ 145.151388729460024, -41.605252336355193 ], [ 145.15105514996074, -41.605400282972823 ], [ 145.14934300055512, -41.605987452170389 ], [ 145.149301258538799, -41.606007378032871 ], [ 145.149223703387065, -41.606053054010744 ], [ 145.149106794839327, -41.60611525432207 ], [ 145.148931919802976, -41.606230903269591 ], [ 145.14864604713344, -41.606363606277277 ], [ 145.148314462792428, -41.606547080758268 ], [ 145.148265952868769, -41.606564024815505 ], [ 145.147952353698031, -41.606654442974559 ], [ 145.147866307670256, -41.606677635054425 ], [ 145.14779110071467, -41.606695283678903 ], [ 145.147764339004027, -41.606698265305219 ], [ 145.14750060531469, -41.606699589875369 ], [ 145.1474686648165, -41.606697337031399 ], [ 145.147187275638544, -41.606651387460396 ], [ 145.147071711868819, -41.606642580270837 ], [ 145.147053403305051, -41.606642852976677 ], [ 145.146999764001094, -41.606652840995835 ], [ 145.146562017658113, -41.606766373162543 ], [ 145.146496782900471, -41.606781893183978 ], [ 145.146474607089402, -41.606784381787435 ], [ 145.146400703589251, -41.606783721518276 ], [ 145.146173819691199, -41.606775918520249 ], [ 145.146127467520841, -41.606771127370166 ], [ 145.146005809580259, -41.606735875832698 ], [ 145.145945462556114, -41.606714817056627 ], [ 145.145698206664008, -41.606596685739433 ], [ 145.145530439098167, -41.606548630347774 ], [ 145.14549255265112, -41.606541119506595 ], [ 145.145360045756775, -41.606537747620884 ], [ 145.145290634731396, -41.606539455057842 ], [ 145.144527805155121, -41.606641815888416 ], [ 145.144471233750039, -41.606647738172803 ], [ 145.144398053393729, -41.606648231864405 ], [ 145.144198491755077, -41.606644316587669 ], [ 145.144161275451154, -41.606640256897499 ], [ 145.144084653648974, -41.606628094617683 ], [ 145.143988437793865, -41.606608725105936 ], [ 145.143389064768286, -41.606465789388643 ], [ 145.143188479948549, -41.606418893239287 ], [ 145.142931984883774, -41.606356169300689 ], [ 145.142422186468423, -41.606173479487332 ], [ 145.142402498092395, -41.606169144372906 ], [ 145.142352266996625, -41.606166575814093 ], [ 145.142276840852134, -41.606165887999161 ], [ 145.142253142396584, -41.606168351101999 ], [ 145.142199321633001, -41.60618463901362 ], [ 145.142175396802031, -41.606194547172123 ], [ 145.142149652882608, -41.60621473828963 ], [ 145.142110400996245, -41.606253598448639 ], [ 145.142102274836219, -41.60627121897798 ], [ 145.142092906306118, -41.606330061287956 ], [ 145.142089297773623, -41.606374685839313 ], [ 145.142093773180392, -41.606403975638081 ], [ 145.142114217039591, -41.606485654651202 ], [ 145.142117772571481, -41.606520658471581 ], [ 145.142107673711052, -41.606630467024807 ], [ 145.142099408312163, -41.60665209407744 ], [ 145.142075339750733, -41.60669292873807 ], [ 145.141919757831715, -41.606696627728091 ], [ 145.141877876576558, -41.60669535622128 ], [ 145.141859679403836, -41.606692179805073 ], [ 145.141703234203845, -41.606647742202938 ], [ 145.141499312142798, -41.606559547328992 ], [ 145.141442933875567, -41.606532822115028 ], [ 145.141421274595757, -41.606518142318635 ], [ 145.141332225499951, -41.60643645259956 ], [ 145.141318056372938, -41.606425910401377 ], [ 145.141301525575074, -41.606418185947987 ], [ 145.140973363815277, -41.606355964434556 ], [ 145.140897687939116, -41.60633807793814 ], [ 145.140850075432439, -41.606324104046401 ], [ 145.140587876963934, -41.606222328428665 ], [ 145.140232816949577, -41.606038799288513 ], [ 145.140204203811152, -41.606026861913392 ], [ 145.140069518502287, -41.605993663344194 ], [ 145.140025421103303, -41.605990634666554 ], [ 145.139927704163341, -41.605996438792211 ], [ 145.139906957571839, -41.606001822435672 ], [ 145.139835288181814, -41.606028682208752 ], [ 145.139653387421646, -41.606226686377127 ], [ 145.139620994172503, -41.60626565668661 ], [ 145.139611299553962, -41.606284404985274 ], [ 145.139444467134354, -41.606694607959987 ], [ 145.139428189661345, -41.606729848773007 ], [ 145.139405150569246, -41.60676153969542 ], [ 145.139161364869153, -41.60706791940386 ], [ 145.13913611681977, -41.607096701094406 ], [ 145.139111862307089, -41.6071180599887 ], [ 145.138944045333915, -41.607252145510252 ], [ 145.13892537474905, -41.607265010924344 ], [ 145.138892961736985, -41.607278770345545 ], [ 145.138774641935953, -41.607311160891335 ], [ 145.138695335069457, -41.607312695685479 ], [ 145.138636681369604, -41.60731170092393 ], [ 145.138613947704698, -41.607307297374376 ], [ 145.138537042933223, -41.607279094768266 ], [ 145.138524303025889, -41.607271430868465 ], [ 145.138513914907918, -41.607262093805772 ], [ 145.138466305096159, -41.607197140697686 ], [ 145.138446680500493, -41.607164731959173 ], [ 145.13836862319053, -41.60696923807312 ], [ 145.138349737009918, -41.606937417617289 ], [ 145.138187755492822, -41.606797225129121 ], [ 145.138169378657096, -41.606774004881338 ], [ 145.13807941597463, -41.606723803577147 ], [ 145.138052210496255, -41.606715895788447 ], [ 145.137787716832207, -41.606665621896624 ], [ 145.137765667683595, -41.606664103207635 ], [ 145.137067320076682, -41.606672428793246 ], [ 145.137041457579642, -41.606670838905366 ], [ 145.137014986923162, -41.606664104551008 ], [ 145.136926863990396, -41.606628811310316 ], [ 145.13689836134472, -41.606613443053945 ], [ 145.136818193892168, -41.606541071144875 ], [ 145.1367863998193, -41.606507879557142 ], [ 145.136775508644803, -41.606489374475508 ], [ 145.136742720136965, -41.606413195278904 ], [ 145.136728365956998, -41.606357391108972 ], [ 145.136666608577883, -41.605971424827167 ], [ 145.136661834930436, -41.605953019002769 ], [ 145.13664897734381, -41.605923592644849 ], [ 145.136609250248682, -41.60584959781238 ], [ 145.136587237032614, -41.605820581142972 ], [ 145.136518828527102, -41.605763306112578 ], [ 145.136501580873642, -41.605753848597587 ], [ 145.136460108351912, -41.605738828744407 ], [ 145.136358186398098, -41.605757738403817 ], [ 145.136335911772363, -41.605763654724072 ], [ 145.13630651620133, -41.605778066012796 ], [ 145.136273105160939, -41.605799843139877 ], [ 145.136257382846821, -41.605816187567136 ], [ 145.13622883528538, -41.605854092812294 ], [ 145.136217291035678, -41.605883681752672 ], [ 145.136203392301582, -41.605941297898092 ], [ 145.136192767926786, -41.605965182081569 ], [ 145.13615244884187, -41.606014335458788 ], [ 145.136132878145133, -41.606031761261754 ], [ 145.136089686247914, -41.606049371776237 ], [ 145.136035052508959, -41.606066778090572 ], [ 145.136019720063643, -41.606069961254491 ], [ 145.135970897526335, -41.606071429580325 ], [ 145.135914552496729, -41.606069903488709 ], [ 145.135882744050832, -41.606063073690898 ], [ 145.135808200051969, -41.606032610956767 ], [ 145.135780420550134, -41.606018389143117 ], [ 145.135764762016379, -41.60600666066162 ], [ 145.135717375885179, -41.605959471318869 ], [ 145.135605531140669, -41.605876245392473 ], [ 145.135585991884938, -41.605866750279006 ], [ 145.135535379903558, -41.605851581335251 ], [ 145.135503540016657, -41.605845886011558 ], [ 145.13515196636385, -41.605828527328207 ], [ 145.135130723004039, -41.605825300491979 ], [ 145.135099814670042, -41.605813891703633 ], [ 145.135052718694595, -41.605783315334847 ], [ 145.134995328026037, -41.605739386254349 ], [ 145.134983553807615, -41.605724874202146 ], [ 145.134955917137916, -41.605680301593921 ], [ 145.134942665190863, -41.60566461338265 ], [ 145.134836472646157, -41.605570588820157 ], [ 145.134828396791733, -41.605560145220473 ], [ 145.134823495583561, -41.605545745301981 ], [ 145.134815519442185, -41.605531862589935 ], [ 145.134742613970303, -41.605471631145036 ], [ 145.134728804169498, -41.605449061299161 ], [ 145.134673997055671, -41.605395446716528 ], [ 145.134504894593334, -41.605263716359595 ], [ 145.134444829640159, -41.605233487672756 ], [ 145.134410924526435, -41.605220318914995 ], [ 145.134382886309766, -41.605214694064522 ], [ 145.134221865990042, -41.605196507671579 ], [ 145.134195941509262, -41.605196654103132 ], [ 145.134137567185462, -41.605212278616293 ], [ 145.134118194118003, -41.605222835118539 ], [ 145.133899934945021, -41.605412773946405 ], [ 145.133822762475575, -41.605471046093008 ], [ 145.133801812864874, -41.605483864843173 ], [ 145.133778018289661, -41.605489197480139 ], [ 145.133747519587445, -41.605489828207652 ], [ 145.133645481750932, -41.605486964073215 ], [ 145.133609137711147, -41.605478907015197 ], [ 145.133547289602149, -41.605457241282309 ], [ 145.133503830007044, -41.605380888239488 ], [ 145.133485240270545, -41.605339335369813 ], [ 145.133379167201781, -41.605061449278196 ], [ 145.133372023798614, -41.605019514673664 ], [ 145.133339701516405, -41.60467013246415 ], [ 145.133279412882729, -41.6044932616173 ], [ 145.1332633465139, -41.604469501827374 ], [ 145.133208755894088, -41.604408432436884 ], [ 145.133188329102836, -41.604377729791793 ], [ 145.133166622212286, -41.604338981350793 ], [ 145.133150947508881, -41.604302060619489 ], [ 145.133096984811431, -41.604143053035209 ], [ 145.133079818904747, -41.604104964078161 ], [ 145.133048044594744, -41.604071204308823 ], [ 145.132898961986882, -41.60393293409382 ], [ 145.132879811701599, -41.603910844659602 ], [ 145.132872000850227, -41.603891235872254 ], [ 145.132858417424814, -41.603809667095241 ], [ 145.132858085946481, -41.603769563455494 ], [ 145.13286915049585, -41.603679252759171 ], [ 145.132941856541663, -41.603385473265902 ], [ 145.132958934413551, -41.603118251142931 ], [ 145.132948579533263, -41.603056206469944 ], [ 145.132921683973649, -41.602986444933784 ], [ 145.132909448021167, -41.602962180121558 ], [ 145.132886549964581, -41.602937741994445 ], [ 145.13284052657761, -41.602896293012698 ], [ 145.132818726262315, -41.602886184844387 ], [ 145.132660823994911, -41.60283999073684 ], [ 145.132497292883983, -41.602880772728376 ], [ 145.132473317747383, -41.602892398331875 ], [ 145.13244287114739, -41.602917086359049 ], [ 145.132275250905366, -41.60307007023458 ], [ 145.132245922707881, -41.603107953582601 ], [ 145.132157417092884, -41.603240499112509 ], [ 145.13208457809634, -41.603409398027104 ], [ 145.13206291073169, -41.603446270905188 ], [ 145.131958801380136, -41.60356480027577 ], [ 145.13192901414368, -41.603592371744242 ], [ 145.1318947362291, -41.603617564637617 ], [ 145.131872378958263, -41.603626352088476 ], [ 145.131843226830654, -41.60363274149551 ], [ 145.131426536997964, -41.603704191036755 ], [ 145.130999348554468, -41.603821275738419 ], [ 145.130948710521864, -41.603832458509956 ], [ 145.130796053517429, -41.603840189318397 ], [ 145.130769419367567, -41.60383917099319 ], [ 145.130755804501177, -41.603836076386045 ], [ 145.13072342472671, -41.603822930853227 ], [ 145.130690409843396, -41.60380518202868 ], [ 145.130634443004567, -41.603765290649427 ], [ 145.130625567649588, -41.603755977932956 ], [ 145.130619817533415, -41.603744418313525 ], [ 145.130617770272892, -41.603710591855311 ], [ 145.13062128358402, -41.603618420409894 ], [ 145.130627265465506, -41.603596189806623 ], [ 145.130756071300766, -41.603364651186396 ], [ 145.130765867429005, -41.603342482294281 ], [ 145.130781797253945, -41.603242506225939 ], [ 145.130779893723798, -41.603229874441702 ], [ 145.130770478481253, -41.603213104157376 ], [ 145.130719539513137, -41.603157821165652 ], [ 145.130694875368704, -41.60314136052817 ], [ 145.130608295741581, -41.603106105664082 ], [ 145.13058262099247, -41.603097654005481 ], [ 145.130558348513489, -41.603093809044552 ], [ 145.130426456066829, -41.603095590462551 ], [ 145.130208678390858, -41.603115402352927 ], [ 145.129610062645042, -41.603179769123592 ], [ 145.129561848267173, -41.603186397037298 ], [ 145.1295257000601, -41.60319781435097 ], [ 145.129436213484752, -41.603234104964557 ], [ 145.129409811100288, -41.603250842328926 ], [ 145.129317098674704, -41.603344371852913 ], [ 145.129293956276342, -41.603379490898703 ], [ 145.129287449778758, -41.603393714637463 ], [ 145.129275201249868, -41.603446772010251 ], [ 145.129285930727605, -41.603855374184562 ], [ 145.129241463222797, -41.604018446363419 ], [ 145.129238188863525, -41.604051619080309 ], [ 145.129254160010987, -41.60436061991895 ], [ 145.129250542495271, -41.604405252549576 ], [ 145.129241340153527, -41.604432591246443 ], [ 145.129212624607192, -41.604476211557468 ], [ 145.129190712002469, -41.604495318398421 ], [ 145.129144968889847, -41.604521476860242 ], [ 145.128772473474157, -41.60479816023237 ], [ 145.128419794893574, -41.604869532580175 ], [ 145.128359670651633, -41.60486678798221 ], [ 145.128202172626118, -41.60485840506842 ], [ 145.128146816641674, -41.604848874876339 ], [ 145.128113564603154, -41.604839722854486 ], [ 145.128091704100683, -41.604831323816214 ], [ 145.127990993974237, -41.604783803133166 ], [ 145.127938519785147, -41.604754270783701 ], [ 145.127592003647521, -41.604515856650835 ], [ 145.127563492018709, -41.604500485876024 ], [ 145.127240792015783, -41.604358119131206 ], [ 145.127210151379785, -41.604337552616634 ], [ 145.127109766443397, -41.604253946423057 ], [ 145.127093552750864, -41.604235344639832 ], [ 145.126965186191683, -41.604016065127951 ], [ 145.126948667970311, -41.603981426034551 ], [ 145.126926050188018, -41.603922045552004 ], [ 145.126918469305309, -41.603895000851253 ], [ 145.126925517487109, -41.603606981675597 ], [ 145.126925406994303, -41.603533656579827 ], [ 145.126920495006289, -41.603519255537336 ], [ 145.126911765178392, -41.603505360298271 ], [ 145.126839738258894, -41.603415929189154 ], [ 145.126821919276949, -41.603400165866077 ], [ 145.126799331139125, -41.603391186943284 ], [ 145.126690305307989, -41.603367019011458 ], [ 145.126604403010617, -41.603359827540281 ], [ 145.126558640135158, -41.603361342276727 ], [ 145.126218121150259, -41.603408291027662 ], [ 145.126198914271185, -41.603413120715679 ], [ 145.126023106783578, -41.603482326276293 ], [ 145.125632310888875, -41.603810227980432 ], [ 145.125617357532661, -41.603826016056956 ], [ 145.125607792271495, -41.603840171853747 ], [ 145.125530527275629, -41.604003833838348 ], [ 145.125524204034321, -41.604036965588065 ], [ 145.125513209553588, -41.604201176536186 ], [ 145.125513958748485, -41.604227533272976 ], [ 145.125520016088444, -41.604254562384924 ], [ 145.125569257240755, -41.604418071511454 ], [ 145.125579309388797, -41.604464637961151 ], [ 145.125562878303953, -41.604581214141277 ], [ 145.125554719804512, -41.604599409439935 ], [ 145.125538989405612, -41.60461632915537 ], [ 145.125491216998768, -41.604659051937738 ], [ 145.125458503949403, -41.604683134078471 ], [ 145.125255982361836, -41.604778805620583 ], [ 145.125233478665677, -41.604792173294172 ], [ 145.125112045303837, -41.604877755626099 ], [ 145.125052606476487, -41.604903103853708 ], [ 145.125016588525142, -41.604909937804585 ], [ 145.124931976208529, -41.604910799605101 ], [ 145.124905362719943, -41.604908636035752 ], [ 145.124887955166372, -41.604904326361201 ], [ 145.124823275567564, -41.604875737144511 ], [ 145.124590316363282, -41.604765242476937 ], [ 145.124462045923906, -41.604721835964845 ], [ 145.12443022400322, -41.60471556085627 ], [ 145.124402837963487, -41.60471395211232 ], [ 145.124221364801315, -41.604717187064615 ], [ 145.124206771669549, -41.604720947965149 ], [ 145.124191178712863, -41.604732717654585 ], [ 145.124177666254383, -41.604751392510728 ], [ 145.124077515778254, -41.604941015680694 ], [ 145.124063476907054, -41.604977434953263 ], [ 145.123986114893057, -41.605221289527435 ], [ 145.123970600988088, -41.60525597363106 ], [ 145.123866254481328, -41.605458695516347 ], [ 145.123690512570704, -41.605678553160566 ], [ 145.123664696786108, -41.605701026873177 ], [ 145.123573606717969, -41.605765927751598 ], [ 145.123558129643925, -41.605773681837839 ], [ 145.123515101240145, -41.605785562165465 ], [ 145.123350249605721, -41.605818852192648 ], [ 145.123320423741689, -41.605822363829063 ], [ 145.12329186212574, -41.605821339605164 ] ] } },
{ "type": "Feature", "properties": { "creek": "Timbs Creek", "part": 0, "access": "held:25M/2003", "lead": false, "prime": false, "length_m": 1273 }, "geometry": { "type": "LineString", "coordinates": [ [ 145.12299495023251, -41.605799887474717 ], [ 145.122980573103376, -41.605794837645597 ], [ 145.122960313398778, -41.605784185184078 ], [ 145.122882583075523, -41.605733027282369 ], [ 145.122871463729012, -41.605722523927803 ], [ 145.122861310969597, -41.605705173271623 ], [ 145.12275415992255, -41.605592235035679 ], [ 145.122725906110219, -41.605568842398903 ], [ 145.122690696642678, -41.605548200368084 ], [ 145.122481416130938, -41.605436395018401 ], [ 145.122453574645306, -41.605424465592229 ], [ 145.122187861967433, -41.605338622693061 ], [ 145.121786538715952, -41.605225848383 ], [ 145.1217216318434, -41.605204693732077 ], [ 145.121699899800035, -41.605192296756798 ], [ 145.121638832326994, -41.605144292712119 ], [ 145.121614475406403, -41.6051181083063 ], [ 145.121569445556133, -41.605043445546066 ], [ 145.121559866820292, -41.605032399340736 ], [ 145.12153449839667, -41.605014214911542 ], [ 145.121323446407217, -41.604884607715739 ], [ 145.121289540395082, -41.60487201185348 ], [ 145.120692769788945, -41.604719831584255 ], [ 145.120657278250377, -41.604708920337139 ], [ 145.120455460043672, -41.604627586348954 ], [ 145.12038774054605, -41.604598386424712 ], [ 145.120087975430636, -41.604428318484267 ], [ 145.120069908513642, -41.60442114190905 ], [ 145.119876915356286, -41.604376049837846 ], [ 145.119807984031269, -41.604361708765815 ], [ 145.119777586838694, -41.604358888242672 ], [ 145.119652013141746, -41.604353329816696 ], [ 145.119610852335427, -41.604353773147366 ], [ 145.119577789841458, -41.604362950763246 ], [ 145.119482183044084, -41.604400277174165 ], [ 145.119462558448362, -41.604419419638361 ], [ 145.119457615917668, -41.604431371416844 ], [ 145.119455382705894, -41.604455383112835 ], [ 145.119458787320752, -41.604571156615236 ], [ 145.119466137336474, -41.604605646944009 ], [ 145.119533745443022, -41.604817600145331 ], [ 145.119545993073643, -41.604841289949405 ], [ 145.119703685135192, -41.605073090609764 ], [ 145.119713720215259, -41.605094456891052 ], [ 145.119742153690623, -41.605188879796408 ], [ 145.119753467971606, -41.605218291711964 ], [ 145.119760706596225, -41.605231010428462 ], [ 145.119838374037357, -41.605335434791115 ], [ 145.119902285576586, -41.605492909301468 ], [ 145.119914879058541, -41.60553034857616 ], [ 145.119947160018228, -41.605648900986353 ], [ 145.119949201888915, -41.605682718368023 ], [ 145.119917852482132, -41.606043653632369 ], [ 145.119913539670392, -41.606060749624973 ], [ 145.119907857826234, -41.606072113366103 ], [ 145.119869214997692, -41.606115568675229 ], [ 145.119850686346609, -41.606123839924365 ], [ 145.11973241954621, -41.606128138098633 ], [ 145.119703498285674, -41.606126503193806 ], [ 145.119687654698993, -41.60612165019959 ], [ 145.119662942045494, -41.606106916574049 ], [ 145.119592013765612, -41.606057587954837 ], [ 145.119554069826393, -41.606026587189838 ], [ 145.119530785494192, -41.605989540473608 ], [ 145.1194275313388, -41.605797592951262 ], [ 145.119174592704212, -41.605513777713249 ], [ 145.119151815021866, -41.60548532176341 ], [ 145.119128743590409, -41.605441397181998 ], [ 145.119033550916413, -41.605234720249513 ], [ 145.119022710047574, -41.605215052082855 ], [ 145.119006448744301, -41.605198168796413 ], [ 145.118928005158779, -41.605145276759778 ], [ 145.118914445987855, -41.605139893716547 ], [ 145.118891613508282, -41.605138934521896 ], [ 145.118817430632134, -41.60514797902848 ], [ 145.118788193164562, -41.605157227732107 ], [ 145.118709257302243, -41.60522290027383 ], [ 145.118683244786553, -41.60525167405526 ], [ 145.118667206265428, -41.605278323897416 ], [ 145.118658883374337, -41.605301668276866 ], [ 145.118612939039195, -41.60561537577648 ], [ 145.118607875235909, -41.605631901609392 ], [ 145.118599897297855, -41.605643794725424 ], [ 145.118548117506549, -41.605693321812268 ], [ 145.118536437611226, -41.605701714021343 ], [ 145.118522549656944, -41.60570720583295 ], [ 145.118494179961971, -41.605713018716223 ], [ 145.1183679648679, -41.605728632357156 ], [ 145.118144353532443, -41.60548425846018 ], [ 145.118002959605008, -41.605293405654514 ], [ 145.117975546615867, -41.605267161527564 ], [ 145.117880469824456, -41.605184202046537 ], [ 145.117857738854525, -41.605154593977673 ], [ 145.117758598084862, -41.605080169043454 ], [ 145.117728711135328, -41.605060179754311 ], [ 145.117645170508865, -41.605024973629739 ], [ 145.117622500624321, -41.605018855729881 ], [ 145.117606521392077, -41.605017441116601 ], [ 145.117503567274014, -41.605019700064595 ], [ 145.117488251896702, -41.605022304269482 ], [ 145.117466697719777, -41.605029390769204 ], [ 145.117400196337599, -41.605061482191779 ], [ 145.117388516442276, -41.605069873811338 ], [ 145.117303173795364, -41.605145753670257 ], [ 145.116983611607765, -41.605485736203178 ], [ 145.116842801585278, -41.605607072892255 ], [ 145.116655541476064, -41.605727045132816 ], [ 145.116532505519814, -41.605789687735808 ], [ 145.116485511054037, -41.605806642739147 ], [ 145.116361663919065, -41.605845206253584 ], [ 145.116321045695202, -41.60585253850423 ], [ 145.116217335195699, -41.605854783317334 ], [ 145.115812624397222, -41.605855345528163 ], [ 145.115792088011517, -41.605853846971023 ], [ 145.115658723226147, -41.605828098785004 ], [ 145.115642113376538, -41.605823233006092 ], [ 145.115606033441452, -41.605806582286313 ], [ 145.115535551624276, -41.605767580129722 ], [ 145.11544372942916, -41.605703586046737 ], [ 145.115417707032037, -41.605681939868546 ], [ 145.11538466340258, -41.605640137992147 ], [ 145.115303467379022, -41.605526484280873 ], [ 145.115248697096177, -41.605471698986875 ], [ 145.115237507681002, -41.605464066442352 ], [ 145.115208130974509, -41.605452110153223 ], [ 145.115135677355312, -41.605428531404222 ], [ 145.115111471351639, -41.605422406153927 ], [ 145.115062793443059, -41.605419284082899 ], [ 145.114998771411052, -41.6054193505814 ], [ 145.114969650724476, -41.605424574407969 ], [ 145.114911209925367, -41.60544189961491 ], [ 145.114874189454184, -41.605456747581592 ], [ 145.114397394244094, -41.605676615307921 ], [ 145.114377446254878, -41.605680863134545 ], [ 145.114340086220608, -41.605681376312816 ], [ 145.114154386485012, -41.605673060003127 ], [ 145.114126300657688, -41.605669131904918 ], [ 145.114067226546325, -41.605656678596134 ], [ 145.113977199185115, -41.605634521910375 ], [ 145.113931245866809, -41.60561655595334 ], [ 145.113804887604289, -41.605562162814302 ] ] } },
{ "type": "Feature", "properties": { "creek": "Timbs Creek", "part": 0, "access": "dec:EL25/2020", "lead": false, "prime": false, "length_m": 125 }, "geometry": { "type": "LineString", "coordinates": [ [ 145.113528726516449, -41.605477389801123 ], [ 145.113486927449173, -41.60546465216612 ], [ 145.113447839954546, -41.605446230748001 ], [ 145.113324826456136, -41.605379976067574 ], [ 145.113292466444619, -41.605366241094451 ], [ 145.113244084081771, -41.60535338672068 ], [ 145.113213008661177, -41.605321929530945 ], [ 145.113158362345814, -41.605288923377891 ], [ 145.11291867925155, -41.605098107609905 ], [ 145.112902924598075, -41.605089815406409 ], [ 145.112812314230297, -41.605061352552568 ], [ 145.112766194723662, -41.605049111385519 ], [ 145.112527045228717, -41.605018686459935 ], [ 145.112450427918134, -41.605007069971677 ], [ 145.112410418752035, -41.604994353226175 ], [ 145.112264228719312, -41.604938596191964 ] ] } },
{ "type": "Feature", "properties": { "creek": "Eight Mile Creek", "part": 0, "access": "held:EL2/2018", "lead": true, "prime": false, "length_m": 598 }, "geometry": { "type": "LineString", "coordinates": [ [ 145.181596840151514, -41.607545410355151 ], [ 145.18156654896012, -41.607538616984236 ], [ 145.181531105930588, -41.607526005519794 ], [ 145.18121773672857, -41.607373074525029 ], [ 145.181171842699001, -41.607352272539451 ], [ 145.180633541638031, -41.607150962438411 ], [ 145.180601230135551, -41.607134959564839 ], [ 145.180347801020929, -41.606991613270061 ], [ 145.179864065426898, -41.606642832154328 ], [ 145.179828940400967, -41.606619344518542 ], [ 145.179813855890728, -41.606613368496397 ], [ 145.179805049706033, -41.606601772445941 ], [ 145.179792364595897, -41.606592393641563 ], [ 145.179745905526005, -41.606565285577851 ], [ 145.179725732957991, -41.606551204264875 ], [ 145.179339884983904, -41.60624357342455 ], [ 145.179319085391853, -41.606224896985267 ], [ 145.179286787364077, -41.606181981791799 ], [ 145.179270505399558, -41.606165673728711 ], [ 145.178619347192836, -41.605677242003431 ], [ 145.17857094866028, -41.605638070500326 ], [ 145.178342810714071, -41.605437270245893 ], [ 145.1782508286189, -41.605376755254277 ], [ 145.17821702321811, -41.605360160170612 ], [ 145.178146196447813, -41.605332070902861 ], [ 145.178092495160143, -41.605318016188853 ], [ 145.177753963248705, -41.605245431239993 ], [ 145.177596693395259, -41.605229085324773 ], [ 145.177343048684946, -41.605224342422488 ], [ 145.176732718907857, -41.605300775583238 ], [ 145.176088721172192, -41.605432800069934 ], [ 145.175866132119552, -41.605434860851339 ], [ 145.175727336119991, -41.605411951111343 ], [ 145.175712053082066, -41.60538707529038 ], [ 145.175698710405101, -41.605374253834171 ], [ 145.175659015700973, -41.605347153077147 ] ] } },
{ "type": "Feature", "properties": { "creek": "Eight Mile Creek", "part": 0, "access": "held:EL2/2018", "lead": true, "prime": false, "length_m": 149 }, "geometry": { "type": "LineString", "coordinates": [ [ 145.174849006435494, -41.605089008857185 ], [ 145.174631132758549, -41.604951108077863 ], [ 145.174603340680278, -41.604937480486562 ], [ 145.174539300682028, -41.60491178499975 ], [ 145.17432496085857, -41.604813746554655 ], [ 145.174297221780904, -41.604797814302501 ], [ 145.174265167196609, -41.604773230438084 ], [ 145.17425108520618, -41.604759820442865 ], [ 145.174238703726672, -41.604740142055832 ], [ 145.174122913581471, -41.604633410076836 ], [ 145.174055497714335, -41.604540650858901 ], [ 145.174041496572329, -41.604524377981654 ], [ 145.173944289875436, -41.604433991094886 ], [ 145.17378135255089, -41.604218798297744 ], [ 145.173755596953356, -41.604187441983818 ], [ 145.173672618591837, -41.604107628399824 ] ] } },
{ "type": "Feature", "properties": { "creek": "Eight Mile Creek", "part": 0, "access": "held:EL2/2018", "lead": false, "prime": false, "length_m": 324 }, "geometry": { "type": "LineString", "coordinates": [ [ 145.173495214567623, -41.603927304156073 ], [ 145.173469064022186, -41.603898599915716 ], [ 145.173290881388908, -41.603736420149225 ], [ 145.173102690625115, -41.603499037379123 ], [ 145.17267615346023, -41.603229647398692 ], [ 145.172495608257805, -41.60312241517223 ], [ 145.172452811619337, -41.603100514887359 ], [ 145.172406668756423, -41.603088297530441 ], [ 145.171919010219654, -41.602981728735777 ], [ 145.171816839432466, -41.602957703728563 ], [ 145.171767004493773, -41.602941987314452 ], [ 145.171747428407087, -41.602933641767358 ], [ 145.171713775719894, -41.602911318901413 ], [ 145.171667549313725, -41.602876186837982 ], [ 145.171638591222234, -41.602849921575995 ], [ 145.17155655437557, -41.602736302581953 ], [ 145.171535601171541, -41.602696430022092 ], [ 145.171520142063798, -41.602651510052119 ], [ 145.171409872964375, -41.602251000707682 ], [ 145.171366928103851, -41.602129428645384 ], [ 145.171353251253635, -41.602101713471939 ], [ 145.171278754865483, -41.602016855621471 ], [ 145.171255009697603, -41.601994690296699 ], [ 145.171237725213189, -41.60198639030525 ], [ 145.171199907038044, -41.601976025390535 ], [ 145.171185503450801, -41.601974066602828 ], [ 145.171106343907979, -41.60197104176698 ], [ 145.171023444606334, -41.601970047440687 ] ] } },
{ "type": "Feature", "properties": { "creek": "Eight Mile Creek", "part": 0, "access": "held:EL2/2018", "lead": true, "prime": false, "length_m": 398 }, "geometry": { "type": "LineString", "coordinates": [ [ 145.170739232296256, -41.602029537152781 ], [ 145.170623468001736, -41.60206673613898 ], [ 145.170589703025087, -41.602074772799241 ], [ 145.17053557324104, -41.602075595676837 ], [ 145.170293469187129, -41.602067589244875 ], [ 145.170272867224412, -41.602068396672657 ], [ 145.170247567072749, -41.602073704065859 ], [ 145.17016372820558, -41.602100388807436 ], [ 145.170132014981107, -41.60211647420978 ], [ 145.169935801363522, -41.602259871639781 ], [ 145.169730585728445, -41.602241589699332 ], [ 145.169634319567621, -41.602223952619596 ], [ 145.169619217091082, -41.602219127544735 ], [ 145.169597503912314, -41.602206163722833 ], [ 145.1694983074471, -41.602131773004999 ], [ 145.169483648738264, -41.602112058214381 ], [ 145.169475200981339, -41.602087866292671 ], [ 145.169390106269447, -41.601765105395764 ], [ 145.169377534347063, -41.60172594226546 ], [ 145.169337771319277, -41.601651966801825 ], [ 145.169321704052123, -41.60162821268311 ], [ 145.169306087739244, -41.601614786584257 ], [ 145.169252328959345, -41.601576660532437 ], [ 145.169223784092907, -41.601563010732697 ], [ 145.169090821752718, -41.601523001755808 ], [ 145.169049808270159, -41.601518322396686 ], [ 145.168859495685609, -41.601511164978362 ], [ 145.168819795539974, -41.601513945993204 ], [ 145.168647387277389, -41.60154661350392 ], [ 145.168617549735188, -41.60155070441472 ], [ 145.168569514121998, -41.601551623358183 ], [ 145.168472820363149, -41.601548298905442 ], [ 145.168440287875114, -41.601540322636438 ], [ 145.167924592019972, -41.601350203129691 ], [ 145.167892815913405, -41.601342230194923 ], [ 145.16763586450449, -41.60129501863198 ], [ 145.167600193302889, -41.601289847538951 ], [ 145.167558343488764, -41.601288009644541 ], [ 145.167159918202344, -41.601283700399911 ], [ 145.166760945509907, -41.601246303847795 ] ] } },
{ "type": "Feature", "properties": { "creek": "Sailor Creek", "part": 0, "access": "held:25M/2003", "lead": true, "prime": false, "length_m": 125 }, "geometry": { "type": "LineString", "coordinates": [ [ 145.10252606741841, -41.633188717774438 ], [ 145.102533776376362, -41.633205199940328 ], [ 145.102547681398704, -41.633224334527924 ], [ 145.10265643593857, -41.633358987506064 ], [ 145.102673289231603, -41.633381593242198 ], [ 145.102725062734692, -41.633434560823012 ], [ 145.102784957906238, -41.633520869888606 ], [ 145.1029207750924, -41.633817990022877 ], [ 145.10295950415923, -41.633898221012956 ], [ 145.103024235860232, -41.633976026118241 ], [ 145.103058944067897, -41.634013247439349 ], [ 145.103082089161177, -41.634029670657291 ], [ 145.103149714335814, -41.634062877624459 ], [ 145.103168304072284, -41.63407864889686 ], [ 145.103184770191433, -41.634088656838117 ], [ 145.103212637728177, -41.634100005570353 ], [ 145.103279296997073, -41.634122173718112 ] ] } },
{ "type": "Feature", "properties": { "creek": "Sailor Creek", "part": 0, "access": "held:25M/2003", "lead": false, "prime": false, "length_m": 249 }, "geometry": { "type": "LineString", "coordinates": [ [ 145.103539986325217, -41.634231547979915 ], [ 145.103556928738925, -41.634239229637892 ], [ 145.103584712732356, -41.634253441872275 ], [ 145.104051704627722, -41.634545280764421 ], [ 145.104102701088095, -41.634573619156022 ], [ 145.104753534104702, -41.634839397052133 ], [ 145.104864163428573, -41.63488821824135 ], [ 145.104978654609852, -41.634935959119609 ], [ 145.105369226824024, -41.635082821835859 ], [ 145.105515833675042, -41.635152276075679 ], [ 145.106051509843439, -41.635436702297582 ] ] } },
{ "type": "Feature", "properties": { "creek": "Sailor Creek", "part": 0, "access": "held:25M/2003", "lead": false, "prime": false, "length_m": 498 }, "geometry": { "type": "LineString", "coordinates": [ [ 145.106076501180382, -41.636141275031498 ], [ 145.106075906305193, -41.636142368848851 ], [ 145.106034041219772, -41.636214939170586 ], [ 145.105894539144316, -41.636387747125809 ], [ 145.105877236693573, -41.636404628290826 ], [ 145.105798989839116, -41.636469132374081 ], [ 145.105777962973292, -41.636483655636404 ], [ 145.1055266987984, -41.636619080603133 ], [ 145.10549948433686, -41.636635798562992 ], [ 145.104909601113974, -41.637070027604814 ], [ 145.104871056201773, -41.637108300521959 ], [ 145.104806171787089, -41.637185048370768 ], [ 145.104785058682978, -41.637227058069584 ], [ 145.104686755143149, -41.637448639593238 ], [ 145.1046822276341, -41.637472027381804 ], [ 145.104677462071521, -41.637627665124086 ], [ 145.104680566649137, -41.637651187120952 ], [ 145.104779912234676, -41.637944253993417 ], [ 145.104790377607799, -41.638101286356282 ], [ 145.104789149610752, -41.638116136203884 ], [ 145.104783177610813, -41.638137221652293 ], [ 145.104738753225007, -41.638242947546154 ], [ 145.104567475043098, -41.638530847648177 ], [ 145.104556688073131, -41.638559293047244 ], [ 145.104486825195153, -41.638799671945122 ], [ 145.104491983321537, -41.638905089943769 ], [ 145.104496825240886, -41.638921769043492 ], [ 145.104508456627201, -41.638940289660098 ], [ 145.104527607810752, -41.638962365755482 ], [ 145.104549948911853, -41.638980486234303 ], [ 145.104579125293981, -41.638999304914478 ], [ 145.104594214295844, -41.63900471467138 ], [ 145.10464266493068, -41.639016411641151 ], [ 145.104952621432915, -41.639082337046894 ], [ 145.104997986354817, -41.639095702982004 ], [ 145.105394607824053, -41.639245530299263 ], [ 145.105420870071413, -41.639259716589791 ], [ 145.105591317311763, -41.639373083273334 ], [ 145.105718781962366, -41.639495459237104 ], [ 145.105738203538749, -41.639534138892706 ], [ 145.105776156654116, -41.63963320828563 ] ] } },
{ "type": "Feature", "properties": { "creek": "Sailor Creek", "part": 0, "access": "dec:EL25/2020", "lead": false, "prime": false, "length_m": 125 }, "geometry": { "type": "LineString", "coordinates": [ [ 145.105765203271005, -41.639855716280195 ], [ 145.105740671210839, -41.639953213665358 ], [ 145.105645599809435, -41.640119323030376 ], [ 145.10562899714634, -41.64013851262925 ], [ 145.105494257938545, -41.640229537605428 ], [ 145.105449929672517, -41.640257411616396 ], [ 145.105431348919154, -41.640266255838846 ], [ 145.104996413404677, -41.640421455834463 ], [ 145.104975518591203, -41.640431405727135 ], [ 145.104948234959409, -41.640450401216611 ], [ 145.104757208214238, -41.640611460185639 ] ] } },
{ "type": "Feature", "properties": { "creek": "Main Rivulet", "part": 0, "access": "held:2M/2001", "lead": false, "prime": false, "length_m": 3223 }, "geometry": { "type": "LineString", "coordinates": [ [ 145.191728716915435, -41.51458186707557 ], [ 145.191705849741624, -41.514825086122663 ], [ 145.191698400013053, -41.514873597213679 ], [ 145.191687949012987, -41.514893463746091 ], [ 145.19162781668615, -41.514974336983428 ], [ 145.191592502115725, -41.514984652632286 ], [ 145.191572615211982, -41.514988338714062 ], [ 145.191558896140975, -41.514988699250473 ], [ 145.191474724897148, -41.514977071276277 ], [ 145.191442207680467, -41.514969120638455 ], [ 145.191408368143755, -41.51495486128141 ], [ 145.191104379149891, -41.514801889306057 ], [ 145.190975658654537, -41.514750073455936 ], [ 145.190867832972685, -41.514713475497736 ], [ 145.190841397350482, -41.514706177966374 ], [ 145.190486245707973, -41.514639945886692 ], [ 145.190419527831807, -41.514630312246283 ], [ 145.189672733183301, -41.514604235087113 ], [ 145.189266493452237, -41.514622444301395 ], [ 145.188414559084578, -41.514680529313161 ], [ 145.187971205457558, -41.514664382447897 ], [ 145.187657962019699, -41.514623967172909 ], [ 145.187356657191913, -41.514618649902708 ], [ 145.186901846451775, -41.514658377064094 ], [ 145.186851415031725, -41.514665021461582 ], [ 145.18675073185463, -41.514698911375902 ], [ 145.18673680078129, -41.514707275723914 ], [ 145.186629801549458, -41.514803420917723 ], [ 145.186610161682381, -41.514824853387708 ], [ 145.186601182122786, -41.514846454684246 ], [ 145.186583060408537, -41.515029836715492 ], [ 145.186584166234695, -41.515044724303671 ], [ 145.186592031883293, -41.515062592364607 ], [ 145.186627200028397, -41.515111207537032 ], [ 145.18664129010358, -41.515124589062836 ], [ 145.186652549587365, -41.515129918399012 ], [ 145.186685066804017, -41.515137871035023 ], [ 145.186727545438913, -41.515143116289941 ], [ 145.187253837821117, -41.515160584775067 ], [ 145.187271996366263, -41.51516430246091 ], [ 145.187293809257966, -41.515173229749081 ], [ 145.187312427740551, -41.515188393759558 ], [ 145.187373664995164, -41.515257451038075 ], [ 145.187388334483757, -41.51527713718523 ], [ 145.187393302167294, -41.515289798279824 ], [ 145.187393481830327, -41.51531039987924 ], [ 145.187385330517458, -41.515383506311657 ], [ 145.1873804149362, -41.515396020750281 ], [ 145.187357604914524, -41.515421979206145 ], [ 145.187256945992004, -41.515509073677762 ], [ 145.187240710739871, -41.515517977376078 ], [ 145.187189943349892, -41.515536631618943 ], [ 145.18683332475851, -41.515656879485221 ], [ 145.186778488898625, -41.51568518802457 ], [ 145.186755913337237, -41.515703142678625 ], [ 145.186654718120479, -41.515808539148672 ], [ 145.186646743775725, -41.5158215815228 ], [ 145.186642296216746, -41.515844397935865 ], [ 145.186639713560282, -41.515989683297285 ], [ 145.186648250250443, -41.516010984211206 ], [ 145.186760368981055, -41.516165526611601 ], [ 145.186771149662746, -41.516188007260979 ], [ 145.186823579834339, -41.516326161314311 ], [ 145.18682353581687, -41.516354766862705 ], [ 145.186816952064135, -41.516426186510571 ], [ 145.186810152715793, -41.516451253321954 ], [ 145.186771335613997, -41.516504997576732 ], [ 145.186757983055628, -41.51651966689456 ], [ 145.186681669375588, -41.516580250355048 ], [ 145.186640507671001, -41.516609350843709 ], [ 145.186602004979591, -41.516624766752379 ], [ 145.186391815372815, -41.516682103353489 ], [ 145.186358099803527, -41.516689587651783 ], [ 145.186313843402758, -41.516693455917817 ], [ 145.185864048855137, -41.516716100504233 ], [ 145.185055592048855, -41.516689037444593 ], [ 145.185035751857527, -41.516691003527313 ], [ 145.185008169086757, -41.516696863435527 ], [ 145.184929155070989, -41.516718502446949 ], [ 145.184889082124471, -41.516735613343279 ], [ 145.184875103440334, -41.516745687911907 ], [ 145.184860920838616, -41.516762630645012 ], [ 145.184832478380116, -41.516826265571112 ], [ 145.184830621562469, -41.516838251721374 ], [ 145.184839257965564, -41.516855546212206 ], [ 145.184972200542802, -41.51697322086688 ], [ 145.185074370431607, -41.517102434116119 ], [ 145.185083861132597, -41.517117454406446 ], [ 145.185088800070048, -41.51713069157671 ], [ 145.185090308341358, -41.517158186273797 ], [ 145.185088488354637, -41.517303492227803 ], [ 145.185042510781756, -41.517341099666702 ], [ 145.185020801196288, -41.517355059855603 ], [ 145.184998496926084, -41.517363291354684 ], [ 145.184942492357976, -41.51737843063782 ], [ 145.184888871918702, -41.517390166472062 ], [ 145.184804335060591, -41.5173911195713 ], [ 145.184259450246913, -41.517384794274477 ], [ 145.184234295622304, -41.517386117313542 ], [ 145.18421822027031, -41.517389294759539 ], [ 145.184152081807497, -41.517412848481335 ], [ 145.184133478596266, -41.517424560767751 ], [ 145.184099027306843, -41.517458359779113 ], [ 145.184008769078673, -41.517554198881818 ], [ 145.183987426005814, -41.517582467579643 ], [ 145.183948356477458, -41.517671685279325 ], [ 145.183914725349865, -41.517757547858167 ], [ 145.183895556200014, -41.517843071326219 ], [ 145.183890004611527, -41.51787789450804 ], [ 145.183886850626607, -41.517961950850861 ], [ 145.18388765551714, -41.518014599512803 ], [ 145.183916297401595, -41.518105453750131 ], [ 145.183939792837862, -41.518163045976415 ], [ 145.183971247347557, -41.518208171341627 ], [ 145.184017527652713, -41.518267834438269 ], [ 145.184213517589768, -41.518444294396978 ], [ 145.184358396082189, -41.518597636440539 ], [ 145.184369283663415, -41.518616696049172 ], [ 145.184373148215798, -41.518641355086352 ], [ 145.184374979880602, -41.518684301552987 ], [ 145.184381882535291, -41.51870958474089 ], [ 145.184390595295213, -41.518724592551379 ], [ 145.184351674887239, -41.518754880566298 ], [ 145.184331533760258, -41.51876714481724 ], [ 145.18428452402307, -41.518787577831631 ], [ 145.184250005360013, -41.518796760209192 ], [ 145.184155299572865, -41.518807279720143 ], [ 145.184121755581799, -41.518809028487773 ], [ 145.183983492283204, -41.518798837207392 ], [ 145.183958480490759, -41.518795010768613 ], [ 145.183829936963491, -41.518763789198957 ], [ 145.183324103711811, -41.518587585028747 ], [ 145.183302905267709, -41.518583242016611 ], [ 145.183016485524234, -41.518562692576985 ], [ 145.182989845086183, -41.518562271525937 ], [ 145.182944772116826, -41.518567854823893 ], [ 145.182705037818607, -41.518618989631946 ], [ 145.18265130419158, -41.518634740019081 ], [ 145.182544463063238, -41.518670807765638 ], [ 145.182520576859844, -41.518680734060091 ], [ 145.182498127960883, -41.518694105431464 ], [ 145.182345052341503, -41.518803829939557 ], [ 145.182348461448015, -41.518818186648609 ], [ 145.182348779451672, -41.51883421477217 ], [ 145.182336043137553, -41.518880363369938 ], [ 145.182320017192865, -41.519043169887745 ], [ 145.18232033968809, -41.519058621537077 ], [ 145.182328474831252, -41.519094228316447 ], [ 145.182369610484756, -41.51922762223964 ], [ 145.182380462133409, -41.519248383336674 ], [ 145.182458678445158, -41.519335446428038 ], [ 145.182487582637776, -41.519363365269896 ], [ 145.18250105018052, -41.519371594495709 ], [ 145.182516114927836, -41.519377551687789 ], [ 145.182605241278736, -41.519402423648238 ], [ 145.182633295665113, -41.519406298478089 ], [ 145.183118900653113, -41.519409983635427 ], [ 145.183166681144826, -41.519416449306995 ], [ 145.183190793723611, -41.519425413674085 ], [ 145.183213900189372, -41.519442946245299 ], [ 145.183250525401832, -41.5194938732024 ], [ 145.183256166821792, -41.519509408818607 ], [ 145.18325639679054, -41.519555185662355 ], [ 145.183253308382575, -41.519583751445744 ], [ 145.183214923370457, -41.519675834327117 ], [ 145.183195583540765, -41.51971386210365 ], [ 145.183163166037104, -41.519756258350036 ], [ 145.183044134770398, -41.519900279874413 ], [ 145.182962273095143, -41.519995674814218 ], [ 145.182773618800667, -41.520152330390793 ], [ 145.182748757026815, -41.520169672422455 ], [ 145.182212485260095, -41.520476452893341 ], [ 145.182183646644546, -41.520500603419976 ], [ 145.182083326386902, -41.520601992891535 ], [ 145.182065032196135, -41.520629174034937 ], [ 145.182054412312795, -41.520655333512224 ], [ 145.182053197790566, -41.520671328224203 ], [ 145.182055798413302, -41.520713711064239 ], [ 145.182060493009004, -41.520736104043245 ], [ 145.182069204870572, -41.520751112056359 ], [ 145.182090517400724, -41.520778343580815 ], [ 145.182113496305703, -41.520800449344819 ], [ 145.182147975442973, -41.52081930585755 ], [ 145.182520597521119, -41.520995705725575 ], [ 145.182566376566314, -41.521019315976702 ], [ 145.182708176532202, -41.521119966143942 ], [ 145.18272598473439, -41.521136271472457 ], [ 145.18278429258288, -41.521201267431699 ], [ 145.182802819437285, -41.521219303955199 ], [ 145.182812254442723, -41.521235467344788 ], [ 145.182835749878933, -41.521293059475994 ], [ 145.182839015254984, -41.521312574970537 ], [ 145.182827137730357, -41.521490326715018 ], [ 145.182823731318763, -41.521502855442066 ], [ 145.182806056067221, -41.521535766542861 ], [ 145.182786188028075, -41.521565201763082 ], [ 145.18261126178777, -41.521774133936873 ], [ 145.18241270536393, -41.521930623791377 ], [ 145.182371574202023, -41.521958012200926 ], [ 145.18233930941193, -41.521968373144055 ], [ 145.182095620729825, -41.522024595944046 ], [ 145.181149081186334, -41.522140071317814 ], [ 145.181113809735052, -41.522148664049951 ], [ 145.181056194487667, -41.52216720742571 ], [ 145.181029938528496, -41.52217995124343 ], [ 145.18096445044597, -41.522234415096072 ], [ 145.180936288261819, -41.522260864473431 ], [ 145.180925125796108, -41.522278998896361 ], [ 145.180912061596899, -41.522310261814425 ], [ 145.180909775384549, -41.522337111337706 ], [ 145.180912627535548, -41.522370913836603 ], [ 145.180945784352673, -41.522490446175119 ], [ 145.180958739855782, -41.522516969429908 ], [ 145.181032808645824, -41.522616568068955 ], [ 145.181104740343926, -41.522684645568674 ], [ 145.181117888086391, -41.522704307934731 ], [ 145.181198389712279, -41.522765081321296 ], [ 145.181495314354692, -41.52298033168136 ], [ 145.181513877141782, -41.522996647974608 ], [ 145.181535234587642, -41.523022727805461 ], [ 145.181614059957127, -41.523088625788546 ], [ 145.181639266684073, -41.523112487485427 ], [ 145.181660436382032, -41.523144859721285 ], [ 145.181874110553821, -41.523504135773052 ], [ 145.181904859886004, -41.52354753096877 ], [ 145.181968615118365, -41.523608038577464 ], [ 145.181978801115378, -41.523624789854154 ], [ 145.181996625487244, -41.523640518846385 ], [ 145.18242958111486, -41.523945464289284 ], [ 145.182444235332042, -41.523965718115669 ], [ 145.182453812271291, -41.524004211465346 ], [ 145.182489160977781, -41.524073420748941 ], [ 145.182486243249684, -41.524176358879167 ], [ 145.182475867708149, -41.524193362213857 ], [ 145.182448538262292, -41.524244431375173 ], [ 145.182435040176813, -41.524264240554892 ], [ 145.182401418032384, -41.524295178346698 ], [ 145.182332039346335, -41.524352437535043 ], [ 145.182301776901056, -41.524372557397527 ], [ 145.181898517780098, -41.524552136779675 ], [ 145.181162973632183, -41.524931282592377 ], [ 145.181118234836163, -41.524951749977582 ], [ 145.181100395192857, -41.52496348309343 ], [ 145.180859300845384, -41.525169654291965 ], [ 145.180843481513222, -41.525190570183682 ], [ 145.180758895247749, -41.525354579459616 ], [ 145.180749049712205, -41.525379597753002 ], [ 145.180746312545523, -41.525395577846552 ], [ 145.180740981044352, -41.525583727834551 ], [ 145.18075524000281, -41.525725847249866 ], [ 145.180789693088968, -41.526014764594237 ], [ 145.180837380155793, -41.526212913916268 ], [ 145.180842492468088, -41.526247319663561 ], [ 145.180827105225546, -41.526522280506121 ], [ 145.18081620416956, -41.526557585923847 ], [ 145.180739642554528, -41.526733737457164 ], [ 145.180724040614678, -41.526774697309094 ], [ 145.180716219881816, -41.526835216695432 ], [ 145.180712895216971, -41.526898671569981 ], [ 145.180722920415576, -41.526921149163556 ], [ 145.180765698189362, -41.526969886569226 ], [ 145.180785939927688, -41.526981077942096 ], [ 145.180818397855546, -41.526991310302542 ], [ 145.180836431534885, -41.526999611190277 ], [ 145.180913396493452, -41.527051177817029 ], [ 145.18095887909459, -41.527085078730877 ], [ 145.181014386894333, -41.527141457144005 ], [ 145.181020906866678, -41.527152998868125 ], [ 145.181042207718662, -41.527207692570421 ], [ 145.181055486615207, -41.527249666947746 ], [ 145.181053391743916, -41.527269656113965 ], [ 145.181030980574263, -41.52736199101151 ], [ 145.18102446239854, -41.527377335089867 ], [ 145.181009429092256, -41.527397127842633 ], [ 145.180821760249614, -41.527571521834261 ], [ 145.180794281683404, -41.527600845362031 ], [ 145.180749816873458, -41.527665360707864 ], [ 145.18071633486619, -41.527718619512505 ], [ 145.180712910488324, -41.527731724719899 ], [ 145.180718745046136, -41.527821651374914 ], [ 145.180724772741655, -41.527850352046016 ], [ 145.180736315194764, -41.527873421116631 ], [ 145.180826069468026, -41.528011007511125 ], [ 145.180833930625084, -41.528029442278232 ], [ 145.180837039694325, -41.528054098401135 ], [ 145.18082929621653, -41.528139225605791 ], [ 145.180823228096813, -41.528165447952617 ], [ 145.180807455477037, -41.52818465269447 ], [ 145.180766878575668, -41.528219479726488 ], [ 145.180755268748925, -41.52822615971948 ], [ 145.180728399240479, -41.528233750283533 ], [ 145.18067412662424, -41.528241474675184 ], [ 145.180645912337781, -41.528242739656847 ], [ 145.179750596528464, -41.528213121190269 ], [ 145.179539662218275, -41.528213788987898 ], [ 145.179460422725356, -41.528215974629695 ], [ 145.179164570671361, -41.528257629585653 ], [ 145.179137010358488, -41.528262921525098 ], [ 145.179088583079817, -41.528279303736724 ], [ 145.17906544337643, -41.528289817671173 ], [ 145.179017289185566, -41.528323389081528 ], [ 145.178963583406301, -41.528364302869328 ], [ 145.178975754680096, -41.528445737625717 ], [ 145.178983650871459, -41.528462462094858 ], [ 145.1790676631135, -41.528534163609173 ], [ 145.179362014980939, -41.528705893453228 ], [ 145.179373159480321, -41.528715797360924 ], [ 145.179397437349195, -41.528745931404636 ], [ 145.179453153558057, -41.528794873892913 ], [ 145.179467197819207, -41.528809976204293 ], [ 145.179506198177251, -41.528884395571261 ], [ 145.179510426547381, -41.528896477672951 ], [ 145.179512875354817, -41.528917691621466 ], [ 145.179515332247092, -41.529018994602552 ], [ 145.179509954033449, -41.529047523928377 ], [ 145.179455834130863, -41.529183976689232 ], [ 145.179443758976817, -41.529207248377766 ], [ 145.17900933909533, -41.529893823645949 ], [ 145.178978146893712, -41.529946532539086 ], [ 145.178926521612652, -41.530075593457461 ], [ 145.17892568852713, -41.530080081808471 ] ] } },
{ "type": "Feature", "properties": { "creek": "Main Rivulet", "part": 0, "access": "held:EL30/2003", "lead": false, "prime": false, "length_m": 5522 }, "geometry": { "type": "LineString", "coordinates": [ [ 145.178978426418269, -41.530296794511173 ], [ 145.17898537204357, -41.530309388784531 ], [ 145.179043925132106, -41.530392702026177 ], [ 145.179083591141762, -41.530444255188797 ], [ 145.179118487995623, -41.530475701111634 ], [ 145.179212338586666, -41.530549278633828 ], [ 145.179244433595045, -41.530572096579291 ], [ 145.179355674671712, -41.530623071938486 ], [ 145.179384934597067, -41.530638405828682 ], [ 145.179475806374597, -41.530709647645509 ], [ 145.179485381517168, -41.530721247238773 ], [ 145.179491754165866, -41.53073850574043 ], [ 145.179501688634588, -41.530790731778339 ], [ 145.179499445541296, -41.530816429190011 ], [ 145.17945674592093, -41.530979398005812 ], [ 145.179442061160955, -41.531014067518875 ], [ 145.179201427649133, -41.531445088947336 ], [ 145.179169548236359, -41.531521826652252 ], [ 145.179164310159933, -41.53154577400516 ], [ 145.179167295261607, -41.531628206736663 ], [ 145.179169969546251, -41.531641407987721 ], [ 145.179176453585967, -41.531654669758311 ], [ 145.179238415780958, -41.531725463264287 ], [ 145.179368452308239, -41.531865399809284 ], [ 145.179387575644, -41.531889165468947 ], [ 145.179418214483405, -41.531936566976 ], [ 145.179426717935854, -41.53195901188581 ], [ 145.179444642919094, -41.53202509040284 ], [ 145.179436151144728, -41.532135947600295 ], [ 145.179428669076714, -41.532158715223709 ], [ 145.179403244059188, -41.532195502365724 ], [ 145.179368022913536, -41.532229845754735 ], [ 145.179350936956865, -41.532241590327516 ], [ 145.179318681149965, -41.532251383409914 ], [ 145.179299574882151, -41.532253944822223 ], [ 145.179249273717801, -41.532255436345558 ], [ 145.179156402290488, -41.532254532555044 ], [ 145.179129049488409, -41.532252388069942 ], [ 145.178963212402095, -41.532220011648789 ], [ 145.178330373538927, -41.532061804994591 ], [ 145.178299286440279, -41.532057304184988 ], [ 145.17816316023368, -41.532051148438036 ], [ 145.17812126550379, -41.532051627905794 ], [ 145.178092920961632, -41.532057474991156 ], [ 145.177954695392174, -41.532098769049945 ], [ 145.17793850415751, -41.532105952318432 ], [ 145.177904233429445, -41.532132871075554 ], [ 145.177772850327557, -41.532254948137272 ], [ 145.17776018318375, -41.532271904966365 ], [ 145.177734930642856, -41.532329869233067 ], [ 145.177732108136212, -41.532349279184622 ], [ 145.177729022423165, -41.53245793418904 ], [ 145.177732929196338, -41.532481449475583 ], [ 145.177901162987837, -41.532939546989994 ], [ 145.177923619073283, -41.533006842322052 ], [ 145.177922885149684, -41.533059466639266 ], [ 145.177912078416824, -41.533198901338075 ], [ 145.177900773118949, -41.533221608739048 ], [ 145.177861391875183, -41.533267901067809 ], [ 145.177827121147146, -41.533294819341386 ], [ 145.177741680583807, -41.533354117508217 ], [ 145.177707613773322, -41.533374176068143 ], [ 145.177675298677599, -41.533385679023091 ], [ 145.17739429577523, -41.533467050300366 ], [ 145.177134399688839, -41.533502407069186 ], [ 145.176994584999676, -41.533519077107542 ], [ 145.176599775432351, -41.533532279317612 ], [ 145.175963522072806, -41.533520475131134 ], [ 145.175949012484267, -41.5335219558661 ], [ 145.175931314774857, -41.53352853847877 ], [ 145.175918888379556, -41.533536924601307 ], [ 145.175902439328411, -41.533553263785521 ], [ 145.175852552287438, -41.53362055444444 ], [ 145.175840459167034, -41.533644392756159 ], [ 145.175839145830139, -41.533663827193891 ], [ 145.175848257442027, -41.533745222329365 ], [ 145.175855352336157, -41.533763636633928 ], [ 145.175881793348225, -41.533797813768416 ], [ 145.175933440188857, -41.533856430285816 ], [ 145.175961054400716, -41.533875737567456 ], [ 145.176054022846046, -41.533926993423059 ], [ 145.17608392596523, -41.533946346409948 ], [ 145.176100037249853, -41.533968911662591 ], [ 145.17612830184197, -41.534019708836979 ], [ 145.176135191021871, -41.534044992084993 ], [ 145.176110798168679, -41.534180203061418 ], [ 145.176101205958076, -41.534196074062848 ], [ 145.176076971208317, -41.534218576018702 ], [ 145.176053656333437, -41.53423479668087 ], [ 145.176025194112015, -41.534245216177929 ], [ 145.175947681181043, -41.534266296573776 ], [ 145.175885859123213, -41.534271611557202 ], [ 145.175760090491849, -41.534275911152527 ], [ 145.175742617361237, -41.534274490282257 ], [ 145.175607993137817, -41.534242036869799 ], [ 145.175577805252715, -41.534232406819875 ], [ 145.175492745575042, -41.534197875537593 ], [ 145.175280237416473, -41.534092662334814 ], [ 145.174810158909878, -41.533833458836106 ], [ 145.174778577737669, -41.53381923120596 ], [ 145.174456289163231, -41.533718569187705 ], [ 145.174418493445955, -41.533708818019164 ], [ 145.174366878046328, -41.533702846680164 ], [ 145.17418146936501, -41.533689039973908 ], [ 145.174131259828783, -41.533687666162102 ], [ 145.174102918879868, -41.533692926052318 ], [ 145.173970834193767, -41.533732601830117 ], [ 145.173956889645638, -41.533740387430349 ], [ 145.173937420458486, -41.533756678146986 ], [ 145.173889648949967, -41.533802835603375 ], [ 145.173862904307327, -41.53383272788647 ], [ 145.173857089512495, -41.533849811394376 ], [ 145.173851755316321, -41.53390349749052 ], [ 145.173860947776632, -41.533928259638486 ], [ 145.173891707888572, -41.533971656584448 ], [ 145.174099212431059, -41.534199223113262 ], [ 145.174128679867295, -41.53423402471676 ], [ 145.174135902322149, -41.534247866273709 ], [ 145.174152473544211, -41.53438830303763 ], [ 145.174152022589936, -41.534404318562778 ], [ 145.174144642031592, -41.534422512791636 ], [ 145.174085667633221, -41.534488514823757 ], [ 145.174067828888241, -41.534499679343313 ], [ 145.174052482968278, -41.534504010528131 ], [ 145.174006696736569, -41.534507291361791 ], [ 145.173092036605851, -41.534511656168078 ], [ 145.172966841997976, -41.534522825390702 ], [ 145.17289522291361, -41.53452398400411 ], [ 145.172841201825662, -41.534522549018035 ], [ 145.172380024725129, -41.534459150709338 ], [ 145.172123682373979, -41.534449365357993 ], [ 145.172092389561044, -41.534451722933852 ], [ 145.171874350475264, -41.534487741517815 ], [ 145.171856672528776, -41.534493179539517 ], [ 145.171841968904232, -41.534501529225267 ], [ 145.171754452334341, -41.534580235567994 ], [ 145.171740230206751, -41.53459832013985 ], [ 145.171733196398094, -41.534631398741269 ], [ 145.171724950762069, -41.53476113687131 ], [ 145.171737733788547, -41.534819704772787 ], [ 145.171827782709272, -41.535134106404804 ], [ 145.171903913132951, -41.535456275764005 ], [ 145.171908445133568, -41.535483070744696 ], [ 145.171912502823716, -41.535506688485583 ], [ 145.171894491602245, -41.535823100022036 ], [ 145.171896277453016, -41.535866091568899 ], [ 145.171907347392306, -41.535931017592951 ], [ 145.171786248203773, -41.535958805548219 ], [ 145.171748767795179, -41.535965054390317 ], [ 145.171496839765297, -41.535962606092305 ], [ 145.171464824706959, -41.535963798973583 ], [ 145.171072189960853, -41.536009432381434 ], [ 145.171039262214123, -41.536015762581982 ], [ 145.170802044097059, -41.536083448753736 ], [ 145.170666607796619, -41.536133344565783 ], [ 145.170631916656959, -41.536148238730192 ], [ 145.170415278943011, -41.536267824961577 ], [ 145.170363356319655, -41.536299053551119 ], [ 145.170153835059352, -41.536461714707109 ], [ 145.170090780512965, -41.536535719803133 ], [ 145.170048048553241, -41.536591737633223 ], [ 145.170043083564622, -41.536605394443072 ], [ 145.170039467845641, -41.536651172640461 ], [ 145.170036127011088, -41.536792616844814 ], [ 145.170040853047738, -41.536813317840391 ], [ 145.170076688641103, -41.536863749676741 ], [ 145.170098806960027, -41.536888753433217 ], [ 145.170160333472154, -41.536945917424134 ], [ 145.170184903293489, -41.536965223111174 ], [ 145.17020813193011, -41.536977652686495 ], [ 145.170347192034399, -41.537039536268857 ], [ 145.170476791082109, -41.537085786865212 ], [ 145.170521304401092, -41.537099699087648 ], [ 145.17056909836748, -41.537105647251032 ], [ 145.17091199339626, -41.53712163251717 ], [ 145.170930955933613, -41.537124240133082 ], [ 145.171021600437314, -41.53714865879018 ], [ 145.171035134455366, -41.537154611655971 ], [ 145.171051490081737, -41.537168057881971 ], [ 145.171097251160603, -41.537218079943095 ], [ 145.171106677182877, -41.537233703424107 ], [ 145.171109268822534, -41.537249786158235 ], [ 145.171103558232232, -41.537288650171604 ], [ 145.171096280980152, -41.537303998619592 ], [ 145.171083788109542, -41.537314671121045 ], [ 145.170900306314365, -41.537419338465533 ], [ 145.170867983133803, -41.537431406869764 ], [ 145.170770522213729, -41.537457867517325 ], [ 145.170742218994036, -41.537462560260096 ], [ 145.170300629658243, -41.537489047118854 ], [ 145.170209541386754, -41.537505872128563 ], [ 145.169961309924304, -41.537559627810253 ], [ 145.169909705304491, -41.537579972184155 ], [ 145.169819496483683, -41.537619156737463 ], [ 145.16977620307685, -41.537641921086085 ], [ 145.16958234035036, -41.537789383844093 ], [ 145.169562928655381, -41.537802242928159 ], [ 145.169544426055495, -41.537810531670225 ], [ 145.169509112383309, -41.537820255324171 ], [ 145.168975646953584, -41.537943187708649 ], [ 145.168748091115646, -41.538019048287325 ], [ 145.1687218216818, -41.538032365232255 ], [ 145.168408181188539, -41.538292988823962 ], [ 145.168384156644635, -41.5383074851025 ], [ 145.168249068890503, -41.538371127754566 ], [ 145.168216539097415, -41.538390064541318 ], [ 145.168033528019549, -41.538557179107443 ], [ 145.168001332399768, -41.538591018182757 ], [ 145.167996242545343, -41.538608698194928 ], [ 145.167994751341979, -41.538660230016959 ], [ 145.167999558227052, -41.538678068023316 ], [ 145.168011828315514, -41.538701185679649 ], [ 145.168056232040072, -41.538771245958955 ], [ 145.168084037593019, -41.538810084851853 ], [ 145.168118907497444, -41.538841606050369 ], [ 145.168597590966186, -41.539241390527856 ], [ 145.168605647057689, -41.539252417059345 ], [ 145.168616331619631, -41.539277797103267 ], [ 145.168722162143297, -41.539382665676975 ], [ 145.168741992453221, -41.539407632823043 ], [ 145.168820533056788, -41.539534394126633 ], [ 145.168929586735686, -41.539920615037751 ], [ 145.168954624579243, -41.539976027480968 ], [ 145.168972675326586, -41.540010126698363 ], [ 145.168984368696613, -41.540026930208349 ], [ 145.169004410110603, -41.540044452490534 ], [ 145.169058179670259, -41.540080859286228 ], [ 145.169082193434491, -41.540092716065985 ], [ 145.169110081632425, -41.540102338519581 ], [ 145.169132040051267, -41.54010671437878 ], [ 145.169413732859681, -41.540133149726017 ], [ 145.169450126306828, -41.540138331768233 ], [ 145.169468992724404, -41.540144378492187 ], [ 145.16949302175999, -41.540155659702116 ], [ 145.169504937912222, -41.540165017900655 ], [ 145.169549197906264, -41.540213873080901 ], [ 145.169560908344295, -41.540230109721378 ], [ 145.169565106171603, -41.540242786105132 ], [ 145.169565904773918, -41.540268000354928 ], [ 145.16956017711567, -41.54036015667338 ], [ 145.169553177442936, -41.540391542640698 ], [ 145.169543679555517, -41.540403991728894 ], [ 145.169438273036661, -41.54049391287073 ], [ 145.169416520332021, -41.540509013123184 ], [ 145.169393390510095, -41.540518948842639 ], [ 145.169339555373426, -41.540537527968254 ], [ 145.169279664693477, -41.540554875966492 ], [ 145.168982328622604, -41.54059462553073 ], [ 145.168495380653184, -41.540530989773387 ], [ 145.168047954064662, -41.540521861580821 ], [ 145.167986554214991, -41.540512821468418 ], [ 145.167857785210572, -41.540490062836959 ], [ 145.167817564940464, -41.540485386450896 ], [ 145.167644700333597, -41.540486531509949 ], [ 145.167614171987054, -41.540488890882862 ], [ 145.167570447388869, -41.54049962404509 ], [ 145.167393733501115, -41.540555134831592 ], [ 145.167334274910786, -41.540583928020233 ], [ 145.167296043510646, -41.540615382461318 ], [ 145.166911260040166, -41.540965918146433 ], [ 145.166585170693651, -41.541287053264206 ], [ 145.166528416930646, -41.541353707884909 ], [ 145.166499904403565, -41.541391622065362 ], [ 145.166439518751815, -41.541530400053752 ], [ 145.166433526988925, -41.541553218159734 ], [ 145.166410575931707, -41.541844438934106 ], [ 145.166405863369704, -41.541875869229372 ], [ 145.166374911018295, -41.541945818491435 ], [ 145.166261522069874, -41.54217881719957 ], [ 145.16627331155965, -41.542192200523914 ], [ 145.166276770971848, -41.54220428888064 ], [ 145.166278706841268, -41.542294838191694 ], [ 145.16628212043932, -41.542334423303338 ], [ 145.166287774435744, -41.542349410842213 ], [ 145.166307670322652, -41.542372083429846 ], [ 145.166349254235456, -41.542408287880235 ], [ 145.1663761821344, -41.542424776103786 ], [ 145.166665423486222, -41.542532697450959 ], [ 145.166704465166816, -41.542551099840715 ], [ 145.166788315712012, -41.542626959720785 ], [ 145.166930354629812, -41.542795463178592 ], [ 145.166939694413855, -41.542814517676383 ], [ 145.166959107007102, -41.542906507656539 ], [ 145.166964137572705, -41.543073871423879 ], [ 145.166969185206256, -41.543135819769716 ], [ 145.167023859369436, -41.543297706666337 ], [ 145.167041252550007, -41.543328354986819 ], [ 145.167092753863471, -41.543389935987143 ], [ 145.16725927187278, -41.543528468314804 ], [ 145.167358235674357, -41.543633813411489 ], [ 145.16736550573998, -41.543645962682092 ], [ 145.167368936406035, -41.543658617553561 ], [ 145.167373341744195, -41.543742910687023 ], [ 145.16737221885009, -41.543755502339216 ], [ 145.16734753584106, -41.543818669662144 ], [ 145.167279730105093, -41.543924679904485 ], [ 145.167253635842741, -41.543958048893892 ], [ 145.167088482374368, -41.544086500953831 ], [ 145.167042014321282, -41.544113230503704 ], [ 145.166941577282671, -41.544163121465445 ], [ 145.166597924075802, -41.544302938991351 ], [ 145.166429278855901, -41.544394100552005 ], [ 145.166395942375743, -41.544414734570061 ], [ 145.166169019850088, -41.544598303756317 ], [ 145.165851731298488, -41.544878334644302 ], [ 145.165774292029425, -41.544949234696467 ], [ 145.165755999635337, -41.544975854972115 ], [ 145.165747638116613, -41.545001499012734 ], [ 145.165750104890378, -41.545125850480161 ], [ 145.166160205580582, -41.545424259141036 ], [ 145.166410729543628, -41.545632926685684 ], [ 145.166429039005749, -41.545657870576576 ], [ 145.166539151798275, -41.545746767860408 ], [ 145.166692826593959, -41.545934362484552 ], [ 145.166720666282941, -41.545972067576855 ], [ 145.166771754371467, -41.546126439587319 ], [ 145.166779939820401, -41.546159229246491 ], [ 145.166832354720526, -41.546503827919928 ], [ 145.166987536889252, -41.547058654858048 ], [ 145.167025891358577, -41.547336568082216 ], [ 145.167048370800302, -41.547401100048788 ], [ 145.167093753688448, -41.547516426592438 ], [ 145.167170919869648, -41.547612237307348 ], [ 145.167196101443693, -41.547636714528508 ], [ 145.167211801299914, -41.547646719072283 ], [ 145.167429750554163, -41.547745422510168 ], [ 145.167457641447101, -41.547755054581835 ], [ 145.167636277729571, -41.547791803271757 ], [ 145.167659634825242, -41.547800219143056 ], [ 145.167675092136363, -41.547818812311853 ], [ 145.1676885830353, -41.547825908452253 ], [ 145.167932581636109, -41.54789296240223 ], [ 145.167979135927425, -41.547915509342822 ], [ 145.168057455545437, -41.547971798337009 ], [ 145.16807133092334, -41.547992077583785 ], [ 145.1681055306845, -41.548020724261221 ], [ 145.168121601544982, -41.548043902446061 ], [ 145.168182944800776, -41.548160068215331 ], [ 145.168193868314603, -41.548203790415791 ], [ 145.168198632080532, -41.548327610661183 ], [ 145.168195187939745, -41.548341309364247 ], [ 145.16808113154309, -41.548571426435061 ], [ 145.168040086619413, -41.548595378904317 ], [ 145.168013094041783, -41.548606963861019 ], [ 145.167667531914901, -41.548706646707103 ], [ 145.167649796476212, -41.548714371343074 ], [ 145.167524071862317, -41.548795932417086 ], [ 145.167454915060176, -41.548843475487956 ], [ 145.167300019454075, -41.548985277575056 ], [ 145.167262230025017, -41.549027619680906 ], [ 145.167178141426177, -41.549143664687733 ], [ 145.167158148521253, -41.549176553659741 ], [ 145.167141920455634, -41.549237009733105 ], [ 145.167101375893623, -41.549426533771566 ], [ 145.167035148497604, -41.549582979594433 ], [ 145.167019882527654, -41.549610225202038 ], [ 145.166931884460723, -41.549729639310215 ], [ 145.166910785729641, -41.549748190242745 ], [ 145.166776069878097, -41.5498507997819 ], [ 145.166760579329292, -41.549859704132793 ], [ 145.166742891501372, -41.549865717678252 ], [ 145.166585095235178, -41.549897472147038 ], [ 145.16602826103167, -41.549982764893009 ], [ 145.165752953448191, -41.55004922903484 ], [ 145.165709952892172, -41.5500617018103 ], [ 145.165694477614778, -41.550070038057306 ], [ 145.16568037945467, -41.550083548825654 ], [ 145.165601527135664, -41.550176195362837 ], [ 145.165569086275809, -41.550218045926911 ], [ 145.165550197400364, -41.550265282066441 ], [ 145.165513556916579, -41.550372950325105 ], [ 145.165502242635512, -41.550395673881283 ], [ 145.165491253544701, -41.550406946580054 ], [ 145.165395445524666, -41.550480984793637 ], [ 145.165363647858584, -41.550500508290249 ], [ 145.165337563477692, -41.550507513379351 ], [ 145.165199995475035, -41.550524718869958 ], [ 145.165176382359476, -41.550524900383728 ], [ 145.165142212242699, -41.550521463722966 ], [ 145.164693839728216, -41.550437828843471 ], [ 145.164663464095156, -41.550435038233545 ], [ 145.164525692174976, -41.550432748467784 ], [ 145.164498215405445, -41.550435164621078 ], [ 145.164338796781806, -41.550470321860139 ], [ 145.164216284543357, -41.550519848250339 ], [ 145.164186888972353, -41.550535401962691 ], [ 145.164109635654512, -41.550599431910172 ], [ 145.164075013685164, -41.550637805881657 ], [ 145.163840247968778, -41.550933523556196 ], [ 145.16382118212519, -41.5509607080904 ], [ 145.163808637152272, -41.550973099345498 ], [ 145.163757962288798, -41.551013504689472 ], [ 145.163708955596832, -41.551048785311245 ], [ 145.163693512658739, -41.551055978575924 ], [ 145.163486508477888, -41.551104100151306 ], [ 145.163455966656585, -41.551107601990999 ], [ 145.163183448342096, -41.551103644354157 ], [ 145.163146201495465, -41.551101310914703 ], [ 145.16311284704895, -41.55109617546524 ], [ 145.16194993748951, -41.550864882169776 ], [ 145.161919692112207, -41.550857499303767 ], [ 145.161896382627219, -41.550847380970986 ], [ 145.161520291255414, -41.550818210503039 ], [ 145.161480722263804, -41.550816982937732 ], [ 145.1614402046512, -41.550822603788383 ], [ 145.161313062495793, -41.550847996097893 ], [ 145.161283056968642, -41.550858377960346 ], [ 145.160956061222066, -41.551000174283395 ], [ 145.160935955129389, -41.551010724188451 ], [ 145.160907982489789, -41.551029731223267 ], [ 145.160647430633162, -41.55113825602124 ], [ 145.160492173005963, -41.551187236019523 ], [ 145.160464553404296, -41.551194233639279 ], [ 145.16043089083567, -41.551199964036542 ], [ 145.160349907712742, -41.551208926688751 ], [ 145.160323972452147, -41.55121021407831 ], [ 145.160110877693768, -41.551206659135161 ], [ 145.160053973912085, -41.551199416811855 ], [ 145.159795823252267, -41.551147575655655 ], [ 145.159737593557196, -41.55113343048977 ], [ 145.159674184176254, -41.551114617770594 ], [ 145.159634295384393, -41.551098487392345 ], [ 145.159450647400945, -41.550998615965511 ], [ 145.159412986430993, -41.550984241523466 ], [ 145.159386520266082, -41.55097807144351 ], [ 145.159316592709445, -41.550973465731879 ], [ 145.15928841345729, -41.550973573294812 ], [ 145.159215884379563, -41.550980382702555 ], [ 145.159011579636172, -41.551066341581468 ], [ 145.1589691090862, -41.551086259522251 ], [ 145.158933298645735, -41.551113166345971 ], [ 145.158802862368077, -41.551224995190999 ], [ 145.158751883874089, -41.551275130075524 ], [ 145.158740790578577, -41.551290416716832 ], [ 145.158731061824085, -41.551310877778711 ], [ 145.158725854290367, -41.551332545549471 ], [ 145.158729018156833, -41.551406524216006 ], [ 145.158737634797063, -41.551424423915932 ], [ 145.158761291930006, -41.55144887818129 ], [ 145.15888515074306, -41.55156207786095 ], [ 145.158902274429011, -41.55157553789779 ], [ 145.158920278463967, -41.551585004022328 ], [ 145.159003969109079, -41.551613319699356 ], [ 145.159686023971688, -41.551830334885231 ], [ 145.159742529799729, -41.551850757457437 ], [ 145.159889334280052, -41.55190876938596 ], [ 145.159932138105006, -41.551929530751735 ], [ 145.160066690463253, -41.552015402991834 ], [ 145.160099383749696, -41.552043450921921 ], [ 145.160148244016312, -41.552091230255733 ], [ 145.160165063173338, -41.552114998567049 ], [ 145.160174110106595, -41.552144370126712 ], [ 145.160193275663204, -41.552270159926962 ], [ 145.160192857946612, -41.552284474252382 ], [ 145.160186956015139, -41.552304419380278 ], [ 145.160151222829796, -41.552380594532664 ], [ 145.160139253676931, -41.552399299322794 ], [ 145.160003636815134, -41.552558017558326 ], [ 145.159981707142435, -41.552578282593707 ], [ 145.15995838957258, -41.552595076787391 ], [ 145.159939162930584, -41.552601631913205 ], [ 145.159749218655321, -41.552612795322531 ], [ 145.159392341349161, -41.552551851662081 ], [ 145.159317383226892, -41.552536853043051 ], [ 145.158815129761649, -41.552395022444493 ], [ 145.158762203720073, -41.552381528965583 ], [ 145.158664378982252, -41.552367866075834 ], [ 145.158602774316677, -41.552365699401022 ], [ 145.158498398165506, -41.552367396170254 ], [ 145.158442516666611, -41.552377353596448 ], [ 145.158400991144305, -41.552390982199285 ], [ 145.158375469108762, -41.552404317696592 ], [ 145.158310640389629, -41.55245994128542 ], [ 145.15828928294377, -41.552487087531603 ], [ 145.158249280065831, -41.552579225763083 ], [ 145.158243926106735, -41.552606061378938 ], [ 145.158238817387712, -41.552702784862028 ], [ 145.158256289619999, -41.552886398413776 ], [ 145.158256333637439, -41.552911041700142 ], [ 145.158245434378131, -41.552945236950229 ], [ 145.158217645893131, -41.553010073224378 ], [ 145.158199376855208, -41.553036124821304 ], [ 145.15812283230818, -41.553127659937616 ], [ 145.158096907827371, -41.553154733300836 ], [ 145.158082089218453, -41.553166501635829 ], [ 145.15787726704545, -41.553296574332904 ], [ 145.157848618872748, -41.553312705507153 ], [ 145.157806162695721, -41.55333205672634 ], [ 145.157775449296167, -41.553340697078092 ], [ 145.157204463931947, -41.553413687265746 ], [ 145.157118399937843, -41.553413964902198 ], [ 145.156693052142373, -41.553402875577973 ], [ 145.156610995532759, -41.553396354145605 ], [ 145.156468315217865, -41.553379646207247 ], [ 145.156446685582466, -41.553390178917908 ], [ 145.156425696445808, -41.553404712818846 ], [ 145.156359679255615, -41.553474645575228 ], [ 145.156345431975154, -41.553493313075457 ], [ 145.156339756419243, -41.553505246720384 ], [ 145.156336078716464, -41.553578521080361 ], [ 145.156340830804311, -41.553598655380988 ], [ 145.156476329088491, -41.553860422230265 ], [ 145.156497789840614, -41.553907755199489 ], [ 145.156501660681158, -41.553931883162363 ], [ 145.15650245748688, -41.554060792694749 ], [ 145.156499042990447, -41.554073337969918 ], [ 145.156486159352653, -41.55409717949842 ], [ 145.156443946619106, -41.554160639895755 ], [ 145.156338266114176, -41.554284914590163 ], [ 145.156302294875275, -41.554316959982089 ], [ 145.15627665336379, -41.554334868287356 ], [ 145.155582564669601, -41.554606295473128 ], [ 145.155194168175086, -41.55478943977991 ], [ 145.155160267552901, -41.5548026221865 ], [ 145.155101979467361, -41.554816547403021 ], [ 145.155050004741611, -41.55482312583154 ], [ 145.15498819076862, -41.554827817314148 ], [ 145.154505453202916, -41.554824922698323 ], [ 145.154470542874321, -41.554820903444053 ], [ 145.154040407956728, -41.554739258548281 ], [ 145.153963560677425, -41.554736259060704 ], [ 145.153758037818562, -41.554733390657724 ], [ 145.153738189542366, -41.554734774105889 ], [ 145.15371364487379, -41.554740666868803 ], [ 145.153663636560253, -41.554758165669114 ], [ 145.153628931047592, -41.55477305487161 ], [ 145.153610279327296, -41.554785923350664 ], [ 145.153550957280913, -41.554835344928016 ], [ 145.153492895570849, -41.554893956494134 ], [ 145.1534236369653, -41.554969605005283 ] ] } },
{ "type": "Feature", "properties": { "creek": "Main Rivulet", "part": 1, "access": "held:2M/2001", "lead": false, "prime": false, "length_m": 770 }, "geometry": { "type": "LineString", "coordinates": [ [ 145.209055370353298, -41.501657946468697 ], [ 145.208178400837028, -41.50212236091938 ], [ 145.207976544002776, -41.5022292522059 ], [ 145.207798433234757, -41.502235311891958 ], [ 145.20764277495897, -41.502235317274142 ], [ 145.207583082806622, -41.502231504657267 ], [ 145.20752972198045, -41.502220981106937 ], [ 145.207471993545369, -41.502202878066718 ], [ 145.207373786125203, -41.502154169103271 ], [ 145.207342978402551, -41.502147824825364 ], [ 145.207305427925348, -41.502145276349609 ], [ 145.207247615946926, -41.502147131193254 ], [ 145.207200852348166, -41.502154147574458 ], [ 145.207108179448539, -41.502176697003421 ], [ 145.207007132453754, -41.502208347731177 ], [ 145.206949336645039, -41.502217858756715 ], [ 145.20688279304207, -41.502220946122627 ], [ 145.206766821437185, -41.502219866991027 ], [ 145.206711922695234, -41.502216029480564 ], [ 145.206650602795634, -41.502206939612194 ], [ 145.206584906303959, -41.502189288000494 ], [ 145.206529471267743, -41.502157997871336 ], [ 145.206482320495155, -41.502117803532428 ], [ 145.206428252694792, -41.502047823315038 ], [ 145.206393826558156, -41.502019355418746 ], [ 145.206354108446249, -41.501993336420661 ], [ 145.206302421181363, -41.501968644130187 ], [ 145.206180350914053, -41.501933342117631 ], [ 145.206145746911005, -41.501915625844617 ], [ 145.206109713688363, -41.501891555844843 ], [ 145.206000965436687, -41.501799880260513 ], [ 145.205908035618847, -41.501712404715697 ], [ 145.205877793834787, -41.501692063864432 ], [ 145.205802522200571, -41.501654141218417 ], [ 145.205772207652956, -41.501626899629692 ], [ 145.205754975270821, -41.501597988857938 ], [ 145.205723577355002, -41.501514526861747 ], [ 145.205670777975854, -41.501409043204589 ], [ 145.205661293563111, -41.501379388236451 ], [ 145.205645366433117, -41.501301464323646 ], [ 145.205613634344019, -41.501229238138571 ], [ 145.205570243919169, -41.501162711045851 ], [ 145.205486280186193, -41.501088147443788 ], [ 145.205461496565817, -41.501053696700104 ], [ 145.205455441920833, -41.501022186020663 ], [ 145.205463710014669, -41.500933624217204 ], [ 145.205455105052579, -41.500788406656334 ], [ 145.205462443390161, -41.500740010149393 ], [ 145.205496872221715, -41.500600904471156 ], [ 145.205501345831863, -41.500530882246927 ], [ 145.205499874391421, -41.500464406241925 ], [ 145.205490017177794, -41.500393143237496 ], [ 145.205469003786703, -41.500318058005966 ], [ 145.205438598509261, -41.500245113523746 ], [ 145.205398443816023, -41.500173359136518 ], [ 145.205351226568098, -41.500107475498865 ], [ 145.205280067421171, -41.500027869405955 ], [ 145.205237709160571, -41.499989505102405 ], [ 145.205196531286276, -41.499964363963919 ], [ 145.20516886856538, -41.49995393423697 ], [ 145.2051344029029, -41.499945578074737 ], [ 145.205002081959833, -41.499926318529504 ], [ 145.20492959600125, -41.499921647284928 ], [ 145.204866814542669, -41.499926521714862 ], [ 145.204814241539026, -41.499936986431749 ], [ 145.204760066839185, -41.49995297415304 ], [ 145.204704826737441, -41.499974566283242 ], [ 145.204659677411229, -41.499997333112226 ], [ 145.204619175069951, -41.500024081552652 ], [ 145.204580236695733, -41.500056195544602 ], [ 145.204543182986839, -41.500093409997916 ], [ 145.20450851700005, -41.500135246545184 ], [ 145.204475218249115, -41.500183534511017 ], [ 145.204449233581187, -41.500229865950182 ], [ 145.20441261735192, -41.50034923868585 ], [ 145.204391255414407, -41.500395633249099 ], [ 145.204296618797599, -41.500535284330461 ], [ 145.204194091379264, -41.500673866717982 ], [ 145.204173852335913, -41.500711695074521 ], [ 145.204134107274456, -41.500805079067632 ], [ 145.204077172051768, -41.500907030893899 ], [ 145.204018272213546, -41.500990361133802 ], [ 145.203924586912535, -41.501087271475036 ], [ 145.20389236434329, -41.501126497640797 ], [ 145.203863826663365, -41.501174166577023 ], [ 145.203804202783033, -41.501304429286407 ], [ 145.203722623178749, -41.501454894745308 ], [ 145.203664078175109, -41.501534005934509 ], [ 145.203602238150921, -41.501603564200238 ] ] } },
{ "type": "Feature", "properties": { "creek": "Main Rivulet", "part": 2, "access": "held:2M/2001", "lead": true, "prime": false, "length_m": 463 }, "geometry": { "type": "LineString", "coordinates": [ [ 145.240310467508408, -41.487143464136437 ], [ 145.240305011141373, -41.487175994330244 ], [ 145.240293751657617, -41.487198132429633 ], [ 145.239895376676884, -41.487769326829039 ], [ 145.239797258189981, -41.48793489453351 ], [ 145.239502926983789, -41.488567764742328 ], [ 145.239300947978677, -41.489135100033359 ], [ 145.239171735206554, -41.489546792547124 ], [ 145.239062923174487, -41.49007379767459 ], [ 145.238940232171245, -41.490440951197797 ], [ 145.2387720208377, -41.490747906873636 ], [ 145.238538174996194, -41.491069016034693 ] ] } },
{ "type": "Feature", "properties": { "creek": "Doodie Creek", "part": 0, "access": "dec:EL25/2020", "lead": true, "prime": true, "length_m": 149 }, "geometry": { "type": "LineString", "coordinates": [ [ 145.122371960006802, -41.626832041062102 ], [ 145.1223469374346, -41.626826471142941 ], [ 145.122310071473635, -41.626810395930491 ], [ 145.121915537689063, -41.62661714994158 ], [ 145.121876596619757, -41.626593591686898 ], [ 145.121610594684398, -41.626412244407419 ], [ 145.121577998415972, -41.626388465831219 ], [ 145.121576658129555, -41.626387488822424 ], [ 145.121010397852814, -41.625974425099017 ] ] } },
{ "type": "Feature", "properties": { "creek": "Doodie Creek", "part": 0, "access": "dec:EL25/2020", "lead": true, "prime": true, "length_m": 149 }, "geometry": { "type": "LineString", "coordinates": [ [ 145.120102726054142, -41.625398733245412 ], [ 145.119737890286302, -41.625221000280284 ], [ 145.119005530666072, -41.62495337840997 ], [ 145.118816277195322, -41.624882072601423 ], [ 145.118544337116532, -41.624748495638173 ] ] } },
{ "type": "Feature", "properties": { "creek": "Doodie Creek", "part": 0, "access": "held:25M/2003", "lead": true, "prime": false, "length_m": 918 }, "geometry": { "type": "LineString", "coordinates": [ [ 145.118308215034347, -41.624613357710189 ], [ 145.118228619099369, -41.624560712340759 ], [ 145.118193907298462, -41.624548660208646 ], [ 145.117946887663322, -41.624473444458424 ], [ 145.117893923892467, -41.62445994924839 ], [ 145.11774364293197, -41.624437925935176 ], [ 145.117479784376854, -41.624441466104216 ], [ 145.11741410854637, -41.62444492099204 ], [ 145.117071532419573, -41.624506128546756 ], [ 145.116642674007977, -41.624622564427547 ], [ 145.116615886246194, -41.62462612473152 ], [ 145.116538737132942, -41.624631110634034 ], [ 145.116502935675612, -41.62463050628223 ], [ 145.116433262342213, -41.624614998613112 ], [ 145.116233606380376, -41.62456176592854 ], [ 145.116156008109499, -41.624530663258092 ], [ 145.115734551815848, -41.624348807890584 ], [ 145.115274881190032, -41.624196082641376 ], [ 145.115240826057629, -41.624187471912592 ], [ 145.114918906690718, -41.624143625201626 ], [ 145.114857337059505, -41.62413799461455 ], [ 145.114822901939704, -41.624141996125445 ], [ 145.114594476532631, -41.624183939787684 ], [ 145.114573049018134, -41.624186433763377 ], [ 145.114400064935467, -41.624185208263746 ], [ 145.114337665260877, -41.624181283978821 ], [ 145.114305934070103, -41.62417157667749 ], [ 145.114100277362184, -41.624089609150005 ], [ 145.114083011742423, -41.624080724431835 ], [ 145.114036080158741, -41.624044413984237 ], [ 145.113941670815649, -41.623963759095048 ], [ 145.113911270029803, -41.623935176981881 ], [ 145.113887015517122, -41.62390497584655 ], [ 145.113791826436369, -41.623774483276428 ], [ 145.113664822621502, -41.623662336826527 ], [ 145.113649325784536, -41.623645465083136 ], [ 145.113610825788101, -41.623581804346294 ], [ 145.113600151107534, -41.623556419809717 ], [ 145.113600611943326, -41.623489984961154 ], [ 145.113623913343446, -41.623017246857302 ], [ 145.113599340827164, -41.622412521864597 ], [ 145.113604235747147, -41.622375954626342 ], [ 145.113657707964478, -41.622245118497752 ], [ 145.113665772140791, -41.622230363036699 ], [ 145.113853029554974, -41.621959173674817 ], [ 145.113862867005679, -41.621935864198939 ], [ 145.113912162955188, -41.621791782561679 ], [ 145.113914237165176, -41.62154436702604 ], [ 145.113911243080366, -41.62149104383542 ], [ 145.113882167309498, -41.621393176980419 ], [ 145.11386800626741, -41.621356854946328 ], [ 145.113782475872569, -41.621209335757399 ], [ 145.113766311587312, -41.621189012339329 ], [ 145.11373447349709, -41.621157542725243 ], [ 145.113717353404382, -41.621144076368878 ], [ 145.113506199905231, -41.621016749893251 ], [ 145.113325501989237, -41.620890527179526 ], [ 145.113293334217246, -41.620869932358339 ], [ 145.113200129514922, -41.620825953783935 ], [ 145.113163987596096, -41.620811598237019 ], [ 145.113095207188053, -41.620791527864917 ], [ 145.113057972917829, -41.620787457648866 ], [ 145.112895806347808, -41.620780687833324 ], [ 145.112857616270134, -41.620783474061454 ], [ 145.112706617555688, -41.620810680239423 ], [ 145.112665163000315, -41.620820852753553 ], [ 145.111971674380698, -41.621069105788258 ], [ 145.111901735145949, -41.621087960588575 ], [ 145.111645404507044, -41.621151250324317 ] ] } },
{ "type": "Feature", "properties": { "creek": "Doodie Creek", "part": 0, "access": "held:25M/2003", "lead": false, "prime": false, "length_m": 918 }, "geometry": { "type": "LineString", "coordinates": [ [ 145.111370793586815, -41.621237220371441 ], [ 145.111195785096726, -41.62129416836445 ], [ 145.111131066870485, -41.621317125515624 ], [ 145.110963072030899, -41.621403052583915 ], [ 145.110929649312396, -41.621424245572875 ], [ 145.110596630361812, -41.621726168522052 ], [ 145.110479581676941, -41.621816391502747 ], [ 145.110464048907403, -41.621825863451164 ], [ 145.110448633817072, -41.621831329043495 ], [ 145.11040806679722, -41.621836939686041 ], [ 145.110291929004006, -41.621845846873867 ], [ 145.110238667890826, -41.621842647028579 ], [ 145.11020528200325, -41.621837495713777 ], [ 145.110006304269461, -41.621761936334323 ], [ 145.109885270658026, -41.621705445705061 ], [ 145.10964427153192, -41.621633175340648 ], [ 145.109610201128135, -41.621625148503597 ], [ 145.109563869619024, -41.621619774893894 ], [ 145.1090436543397, -41.621579980486395 ], [ 145.109054786262703, -41.621310377916423 ], [ 145.109052616831264, -41.621281124433324 ], [ 145.109044172667637, -41.621257496403743 ], [ 145.108973392609727, -41.621126842678912 ], [ 145.108962367586287, -41.62111347503231 ], [ 145.108778538143127, -41.620939080243595 ], [ 145.10873245097585, -41.620899917335947 ], [ 145.108526955066338, -41.620787581212561 ], [ 145.108319905969807, -41.620702131462714 ], [ 145.108291354815123, -41.620688466234533 ], [ 145.108264448475722, -41.620670253312738 ], [ 145.108069371226918, -41.620515702821983 ], [ 145.108096675520017, -41.620469777196099 ], [ 145.108106465359981, -41.620448177608381 ], [ 145.108123492926154, -41.620337919135146 ], [ 145.108122717680089, -41.620312696507469 ], [ 145.108105488891283, -41.620251690465786 ], [ 145.108095270554912, -41.620236624965067 ], [ 145.10804861295739, -41.620191147734673 ], [ 145.108037689443478, -41.620174350296466 ], [ 145.108031746189624, -41.620169092072231 ], [ 145.107800243154344, -41.620085517140161 ], [ 145.107777764611001, -41.620073104892597 ], [ 145.107680141994166, -41.619998120307436 ], [ 145.107649992736555, -41.619961524838011 ], [ 145.1076377352245, -41.619937824468977 ], [ 145.107635101364082, -41.619924036856567 ], [ 145.107638930882189, -41.619796367494935 ], [ 145.107638116110195, -41.619747087621882 ], [ 145.107635431944061, -41.619735028546081 ], [ 145.1076198183261, -41.619696375959371 ], [ 145.107607488948901, -41.619675538325993 ], [ 145.107586017416963, -41.619654559659523 ], [ 145.107384546858299, -41.619484428661323 ], [ 145.107363259481076, -41.619457148724216 ], [ 145.107338808237301, -41.619433814839461 ], [ 145.107054289328943, -41.619186659551971 ], [ 145.107021335531016, -41.619167193748702 ], [ 145.106890662098237, -41.619101958484414 ], [ 145.10685602216256, -41.619087616656508 ], [ 145.106718740722528, -41.619039457075885 ], [ 145.10665845208888, -41.619016082074815 ], [ 145.106380887039109, -41.618892764650724 ], [ 145.106122626784867, -41.618811600989041 ], [ 145.106066556639746, -41.61880033686856 ], [ 145.105959574475946, -41.618783613611598 ], [ 145.105496694169631, -41.618764824622289 ], [ 145.105452582397561, -41.618761206240272 ], [ 145.105401833872179, -41.618750597556712 ], [ 145.10519983600247, -41.618699603725354 ], [ 145.105173509974804, -41.618688271757392 ], [ 145.105062611156313, -41.618598754244125 ], [ 145.105000268075628, -41.618542685944774 ], [ 145.104964479194678, -41.618490523424342 ], [ 145.104835081369572, -41.618357702989883 ], [ 145.104824226127704, -41.618338619058328 ], [ 145.104818108600597, -41.618313884550084 ], [ 145.104813789500696, -41.61830522132508 ], [ 145.10480566783221, -41.618296485569587 ], [ 145.104749054206366, -41.61825256299506 ], [ 145.104717457762888, -41.618238847551723 ], [ 145.104486468564033, -41.618087688707348 ], [ 145.104468701684283, -41.618070201690173 ], [ 145.104459290933391, -41.618053429219223 ], [ 145.104446794469482, -41.618038325597034 ], [ 145.104371641412769, -41.617977471193619 ], [ 145.104342104806278, -41.617945460740337 ], [ 145.104258286600356, -41.617843211865484 ], [ 145.104185094565935, -41.617717081661603 ], [ 145.104175482592467, -41.61770717795909 ], [ 145.104107751416649, -41.617652750213097 ], [ 145.104095193867266, -41.617639366400169 ], [ 145.104070306940628, -41.617605144282074 ], [ 145.104055502704796, -41.617590570427787 ], [ 145.103854137249044, -41.617442781379914 ], [ 145.103815023703191, -41.617425500361989 ], [ 145.103810747568076, -41.617422908704242 ] ] } },
{ "type": "Feature", "properties": { "creek": "Doodie Creek", "part": 0, "access": "released", "lead": false, "prime": false, "length_m": 198 }, "geometry": { "type": "LineString", "coordinates": [ [ 145.103196035763062, -41.61693956930656 ], [ 145.103054172217128, -41.61684655873723 ], [ 145.103036159199092, -41.616837084042679 ], [ 145.103018812730909, -41.61683105994144 ], [ 145.10299860333194, -41.616818684676197 ], [ 145.102874028561672, -41.616728335832903 ], [ 145.102866629138617, -41.616720756332136 ], [ 145.102860127132573, -41.616709192319789 ], [ 145.102815491642787, -41.616672338438619 ], [ 145.102797052823234, -41.616651975981952 ], [ 145.102679578336847, -41.616427139647769 ], [ 145.102654927667174, -41.616384914245899 ], [ 145.10262833394151, -41.616356960066341 ], [ 145.102521577254834, -41.616256610613739 ], [ 145.10250737399187, -41.616247774513973 ], [ 145.102484789447317, -41.616238223841847 ], [ 145.102399540225178, -41.616208706137932 ], [ 145.102248999651579, -41.616170608185946 ], [ 145.102210357721304, -41.616163070929801 ], [ 145.101905846806289, -41.61612521203709 ], [ 145.101876317386314, -41.616118402108327 ], [ 145.101859756045656, -41.616111823877631 ], [ 145.101839580782723, -41.616098295352899 ], [ 145.101825600301964, -41.616081447150933 ], [ 145.101787654566039, -41.616025240330003 ], [ 145.1017773050757, -41.616014738651067 ], [ 145.101763827651411, -41.616006500234882 ], [ 145.101693579396198, -41.61598524569375 ], [ 145.10142972892595, -41.615913148234156 ] ] } },
{ "type": "Feature", "properties": { "creek": "Jansen Creek", "part": 0, "access": "held:25M/2003", "lead": true, "prime": false, "length_m": 297 }, "geometry": { "type": "LineString", "coordinates": [ [ 145.110178431359401, -41.627061771774244 ], [ 145.110202777500263, -41.627188688800018 ], [ 145.11025182551478, -41.627330909138891 ], [ 145.1102699687886, -41.627361559899761 ], [ 145.110394532779168, -41.627528520241313 ], [ 145.11042795100596, -41.627557719858324 ], [ 145.110570131857571, -41.627672307713759 ], [ 145.110583453873261, -41.627685127423945 ], [ 145.110587052524295, -41.627692625731093 ], [ 145.11060203193162, -41.627700897570868 ], [ 145.110609366675902, -41.627710762807723 ], [ 145.110629698245759, -41.627719113207149 ], [ 145.110705110017278, -41.627772483622039 ], [ 145.110892449178209, -41.627880977522629 ], [ 145.111079359842734, -41.628003766771933 ], [ 145.111157791750173, -41.62805775402871 ], [ 145.111165882875895, -41.628067623239758 ], [ 145.111332668583145, -41.628225576742231 ], [ 145.11154113791622, -41.628517036019602 ], [ 145.111566752478183, -41.628577576305233 ], [ 145.111588389300152, -41.628643194116329 ], [ 145.11166740331592, -41.628953646354958 ], [ 145.111696840947502, -41.629353496807468 ] ] } },
{ "type": "Feature", "properties": { "creek": "Jarman Creek", "part": 0, "access": "held:25M/2003", "lead": true, "prime": false, "length_m": 324 }, "geometry": { "type": "LineString", "coordinates": [ [ 145.102811356697487, -41.629816461455015 ], [ 145.102572144320476, -41.629882241166818 ], [ 145.10214585329399, -41.629981480330891 ], [ 145.102028283586293, -41.63001040421549 ], [ 145.101737195298199, -41.630127393498164 ], [ 145.10168535352318, -41.630151701807982 ], [ 145.101470899613702, -41.630281439526577 ], [ 145.101325881882474, -41.630409495693783 ], [ 145.101295957203689, -41.630440479368886 ], [ 145.100854236713872, -41.630943596572841 ], [ 145.100839798092323, -41.630966820205728 ], [ 145.100744309872539, -41.631171278860833 ], [ 145.100734111299147, -41.631205452150539 ], [ 145.100690055222628, -41.631398763615238 ], [ 145.100687407887506, -41.631435349907889 ], [ 145.100687923520553, -41.631667198688604 ], [ 145.100692617217788, -41.631688460146798 ], [ 145.100722333487454, -41.631763958879503 ], [ 145.100740326742596, -41.631799175253121 ], [ 145.10080750896384, -41.631901075181915 ] ] } },
{ "type": "Feature", "properties": { "creek": "Jarman Creek", "part": 0, "access": "held:25M/2003", "lead": true, "prime": false, "length_m": 549 }, "geometry": { "type": "LineString", "coordinates": [ [ 145.101082835637641, -41.632753533420022 ], [ 145.101078270257517, -41.632767769728297 ], [ 145.10099287730489, -41.632966099365071 ], [ 145.100980095176737, -41.632984774775707 ], [ 145.100906100946844, -41.633060225662597 ], [ 145.100875212375769, -41.633072865033768 ], [ 145.100820812198805, -41.633105722687304 ], [ 145.100784399887033, -41.633124566582325 ], [ 145.100711998370116, -41.6331473812102 ], [ 145.100259640030657, -41.633275363871611 ], [ 145.100237227064355, -41.633284720668058 ], [ 145.100163058561208, -41.633340704979418 ], [ 145.100089471268092, -41.633427609040311 ], [ 145.100074358910064, -41.633447966871167 ], [ 145.099993617433995, -41.633643508071387 ], [ 145.099979416866034, -41.63368391138571 ], [ 145.099974597404525, -41.633816067115156 ], [ 145.100011675367853, -41.633975260716902 ], [ 145.100012673396122, -41.63404225075481 ], [ 145.100009107084418, -41.634133789236479 ], [ 145.100006169593456, -41.63415491560054 ], [ 145.099967891480929, -41.634284212208328 ], [ 145.099955597137921, -41.634312047163867 ], [ 145.099892436590267, -41.634431763923111 ], [ 145.099816324132945, -41.634526066001101 ], [ 145.099584066512847, -41.634862730061727 ], [ 145.099451186817674, -41.635166740552187 ], [ 145.09939799038321, -41.635260286911063 ], [ 145.099378142107014, -41.635285708465801 ], [ 145.099177042552526, -41.635451725124526 ], [ 145.099134881921344, -41.635483073625821 ], [ 145.099093878320161, -41.635502408282413 ], [ 145.098629507708779, -41.635697735120189 ], [ 145.09828764035268, -41.635877965950733 ], [ 145.098271243403786, -41.63588970981354 ], [ 145.097964395970706, -41.636170718623177 ], [ 145.097944700408135, -41.636192134356435 ], [ 145.097857793794276, -41.636314879577185 ], [ 145.097840627887535, -41.636352369442392 ], [ 145.097818863504784, -41.63641554156154 ], [ 145.097813267898857, -41.636448647935453 ], [ 145.097812328261114, -41.636478966728475 ], [ 145.097826972210868, -41.636643923256059 ] ] } },
{ "type": "Feature", "properties": { "creek": "Jarman Creek", "part": 0, "access": "held:25M/2003", "lead": false, "prime": false, "length_m": 324 }, "geometry": { "type": "LineString", "coordinates": [ [ 145.097906504790245, -41.636858596848427 ], [ 145.097985642923845, -41.636995403843919 ], [ 145.098019027014715, -41.637025741178192 ], [ 145.098154177650912, -41.637195195474867 ], [ 145.098248096513828, -41.637291247799872 ], [ 145.098260578604766, -41.637306909520404 ], [ 145.098671126655915, -41.637698008195457 ], [ 145.098895948920358, -41.638002360463396 ], [ 145.09902016795786, -41.638204831729858 ], [ 145.099055829277972, -41.638285580919977 ], [ 145.099116850038598, -41.638434884447186 ], [ 145.099187878031501, -41.638705709783551 ], [ 145.099200105899143, -41.638804381496193 ], [ 145.099201516254169, -41.638833595474978 ], [ 145.099192516033327, -41.639127108118444 ], [ 145.09919221150443, -41.63921182853182 ], [ 145.099199571401527, -41.639245725662072 ], [ 145.099276726551949, -41.639510764883248 ] ] } },
{ "type": "Feature", "properties": { "creek": "Jarman Creek", "part": 0, "access": "OPEN", "lead": false, "prime": false, "length_m": 474 }, "geometry": { "type": "LineString", "coordinates": [ [ 145.099359198828978, -41.639726605067651 ], [ 145.099472024139004, -41.639988227518835 ], [ 145.099518653888794, -41.640059430687259 ], [ 145.099560370752272, -41.640116808188161 ], [ 145.099715917636956, -41.640268296709813 ], [ 145.099729919677316, -41.6402845598979 ], [ 145.099740810851813, -41.640302492030102 ], [ 145.099892328792492, -41.640460768005163 ], [ 145.099904694102321, -41.640480444892972 ], [ 145.099957338072983, -41.640604409148025 ], [ 145.099988153880446, -41.640719419578055 ], [ 145.09998978252608, -41.640741197662948 ], [ 145.099984522890082, -41.640912849531396 ], [ 145.099968507725208, -41.640987565428034 ], [ 145.099911254498863, -41.641213279480688 ], [ 145.099793678502891, -41.641515822706701 ], [ 145.099549039403286, -41.641982779353967 ], [ 145.099465903916979, -41.642231518840333 ], [ 145.099324774094242, -41.642505616326353 ], [ 145.099041796694991, -41.642879196450444 ], [ 145.098918820925803, -41.643083756279765 ], [ 145.098864798041291, -41.64317900835519 ], [ 145.098849360493091, -41.643234846453986 ], [ 145.098834934447979, -41.64330730003747 ], [ 145.098824821214436, -41.64346340702749 ], [ 145.098832987798716, -41.643495605532394 ], [ 145.098909085883065, -41.643700685007595 ] ] } }
]
}
